<TICKER>,<PER>,<DATE>,<TIME>,<OPEN>,<HIGH>,<LOW>,<CLOSE>,<VOL>
CNYRUB_TOM,D,03/01/20,00:00:00,8.8840000,8.9260000,8.8840000,8.8840000,2233000
CNYRUB_TOM,D,06/01/20,00:00:00,8.9260000,8.9380000,8.8680000,8.8680000,1310000
CNYRUB_TOM,D,08/01/20,00:00:00,8.9299000,8.9319000,8.8680000,8.8761000,920000
CNYRUB_TOM,D,09/01/20,00:00:00,8.8780000,8.8780000,8.8226000,8.8586000,180821000
CNYRUB_TOM,D,10/01/20,00:00:00,8.8345000,8.8739000,8.8081000,8.8440000,81655000
CNYRUB_TOM,D,13/01/20,00:00:00,8.8525000,8.9059000,8.8249000,8.8901000,98200000
CNYRUB_TOM,D,14/01/20,00:00:00,8.8990000,8.9300000,8.8990000,8.9242000,66790000
CNYRUB_TOM,D,15/01/20,00:00:00,8.9160000,8.9552000,8.9011000,8.9259000,57253000
CNYRUB_TOM,D,16/01/20,00:00:00,8.9100000,8.9779000,8.9100000,8.9719000,46493000
CNYRUB_TOM,D,17/01/20,00:00:00,8.9880000,8.9919000,8.9294000,8.9621000,32304000
CNYRUB_TOM,D,20/01/20,00:00:00,8.9740000,8.9765000,8.9560000,8.9759000,227390000
CNYRUB_TOM,D,21/01/20,00:00:00,8.9550000,8.9719000,8.9400000,8.9400000,129688000
CNYRUB_TOM,D,22/01/20,00:00:00,8.9585000,8.9842000,8.9485000,8.9537000,77118000
CNYRUB_TOM,D,23/01/20,00:00:00,8.9611000,8.9611000,8.9300000,8.9416000,96959000
CNYRUB_TOM,D,24/01/20,00:00:00,8.9425000,8.9680000,8.9057000,8.9680000,41273000
CNYRUB_TOM,D,27/01/20,00:00:00,8.9550000,9.0359000,8.9300000,9.0120000,13977000
CNYRUB_TOM,D,28/01/20,00:00:00,9.0300000,9.2940000,8.9461000,8.9461000,45641000
CNYRUB_TOM,D,29/01/20,00:00:00,8.9550000,9.0184000,8.9528000,8.9900000,62474000
CNYRUB_TOM,D,30/01/20,00:00:00,9.0000000,9.0819000,8.9921000,9.0780000,65189000
CNYRUB_TOM,D,31/01/20,00:00:00,9.0720000,9.1300000,9.0341000,9.1180000,162568000
CNYRUB_TOM,D,03/02/20,00:00:00,9.1080000,9.1330000,9.0530000,9.0659000,53598000
CNYRUB_TOM,D,04/02/20,00:00:00,9.0761000,9.0979000,8.9921000,8.9921000,197472000
CNYRUB_TOM,D,05/02/20,00:00:00,9.0090000,9.0370000,8.9654000,9.0280000,80090000
CNYRUB_TOM,D,06/02/20,00:00:00,9.0061000,9.0919000,8.9961000,9.0641000,47268000
CNYRUB_TOM,D,07/02/20,00:00:00,9.0739000,9.1679000,9.0590000,9.1275000,22754000
CNYRUB_TOM,D,10/02/20,00:00:00,9.1500000,9.2019000,9.1200000,9.1860000,59497000
CNYRUB_TOM,D,11/02/20,00:00:00,9.1491000,9.1859000,9.0800000,9.0875000,42722000
CNYRUB_TOM,D,12/02/20,00:00:00,9.0719000,9.0739000,9.0260000,9.0599000,36194000
CNYRUB_TOM,D,13/02/20,00:00:00,9.1000000,9.1339000,9.0800000,9.0800000,30763000
CNYRUB_TOM,D,14/02/20,00:00:00,9.0940000,9.1080000,9.0641000,9.0940000,48500000
CNYRUB_TOM,D,17/02/20,00:00:00,9.0919000,9.1039000,9.0521000,9.0801000,39779000
CNYRUB_TOM,D,18/02/20,00:00:00,9.0841000,9.1600000,9.0800000,9.1300000,56236000
CNYRUB_TOM,D,19/02/20,00:00:00,9.0961000,9.1099000,9.0600000,9.0600000,60460000
CNYRUB_TOM,D,20/02/20,00:00:00,9.0700000,9.1205000,9.0580000,9.1205000,217829000
CNYRUB_TOM,D,21/02/20,00:00:00,9.1153000,9.1600000,9.1000000,9.1059000,39088000
CNYRUB_TOM,D,25/02/20,00:00:00,9.2303000,9.3239000,9.2200000,9.2901000,68233000
CNYRUB_TOM,D,26/02/20,00:00:00,9.3180000,9.3470000,9.2520000,9.3100000,64011000
CNYRUB_TOM,D,27/02/20,00:00:00,9.3500000,9.4580000,9.3300000,9.4010000,147376000
CNYRUB_TOM,D,28/02/20,00:00:00,9.5552000,9.6769000,9.5164000,9.5780000,67702000
CNYRUB_TOM,D,02/03/20,00:00:00,9.5370000,9.6649000,9.5032000,9.5572000,65770000
CNYRUB_TOM,D,03/03/20,00:00:00,9.5280000,9.5479000,9.4250000,9.4860000,70282000
CNYRUB_TOM,D,04/03/20,00:00:00,9.5000000,9.5880000,9.4680000,9.5740000,88344000
CNYRUB_TOM,D,05/03/20,00:00:00,9.5250000,9.6595000,9.5192000,9.6428000,46724000
CNYRUB_TOM,D,06/03/20,00:00:00,9.7369000,9.8859000,9.7050000,9.8262000,59863000
CNYRUB_TOM,D,10/03/20,00:00:00,10.4020000,10.4809000,10.1600000,10.2780000,46348000
CNYRUB_TOM,D,11/03/20,00:00:00,10.2874000,10.4561000,10.2541000,10.4380000,43472000
CNYRUB_TOM,D,12/03/20,00:00:00,10.5849000,10.7459000,10.4559000,10.6059000,49879000
CNYRUB_TOM,D,13/03/20,00:00:00,10.5641000,10.5679000,10.3000000,10.3000000,42614000
CNYRUB_TOM,D,16/03/20,00:00:00,10.5336000,10.7221000,10.4701000,10.6680000,35761000
CNYRUB_TOM,D,17/03/20,00:00:00,10.5350000,10.7320000,10.4743000,10.7320000,64769000
CNYRUB_TOM,D,18/03/20,00:00:00,10.8358000,11.5300000,10.8341000,11.5300000,46324000
CNYRUB_TOM,D,19/03/20,00:00:00,11.3839000,11.5280000,11.0000000,11.0699000,78364000
CNYRUB_TOM,D,20/03/20,00:00:00,11.0181000,11.2200000,10.9311000,11.1920000,44552000
CNYRUB_TOM,D,23/03/20,00:00:00,11.3120000,11.3817000,11.1500000,11.1680000,208337000
CNYRUB_TOM,D,24/03/20,00:00:00,11.0759000,11.1679000,11.0451000,11.0570000,55805000
CNYRUB_TOM,D,25/03/20,00:00:00,11.0140000,11.1279000,10.8251000,10.9620000,70348000
CNYRUB_TOM,D,26/03/20,00:00:00,11.0840000,11.1079000,10.8600000,10.9800000,120649000
CNYRUB_TOM,D,27/03/20,00:00:00,10.9510000,11.1600000,10.9271000,11.1360000,71803000
CNYRUB_TOM,D,30/03/20,00:00:00,11.2660000,11.3219000,11.1391000,11.1580000,42113000
CNYRUB_TOM,D,31/03/20,00:00:00,11.1799000,11.1799000,10.9631000,11.0530000,19979000
CNYRUB_TOM,D,01/04/20,00:00:00,11.1239000,11.1579000,11.0600000,11.0700000,36108000
CNYRUB_TOM,D,02/04/20,00:00:00,10.8999000,11.3000000,10.8860000,10.8890000,218907000
CNYRUB_TOM,D,03/04/20,00:00:00,10.9282000,10.9320000,10.7500000,10.7500000,90251000
CNYRUB_TOM,D,06/04/20,00:00:00,10.7900000,10.7969000,10.6890000,10.7150000,51653000
CNYRUB_TOM,D,07/04/20,00:00:00,10.6621000,10.7509000,10.6430000,10.7230000,51039000
CNYRUB_TOM,D,08/04/20,00:00:00,10.6830000,10.7340000,10.6000000,10.6000000,50813000
CNYRUB_TOM,D,09/04/20,00:00:00,10.5722000,10.6021000,10.3101000,10.5540000,72846000
CNYRUB_TOM,D,10/04/20,00:00:00,10.5399000,10.5399000,10.3935000,10.4925000,115234000
CNYRUB_TOM,D,13/04/20,00:00:00,10.3741000,10.4775000,10.3741000,10.4280000,55490000
CNYRUB_TOM,D,14/04/20,00:00:00,10.3901000,10.4299000,10.3161000,10.3830000,41710000
CNYRUB_TOM,D,15/04/20,00:00:00,10.4181000,10.6649000,10.4043000,10.5800000,50849000
CNYRUB_TOM,D,16/04/20,00:00:00,10.5809000,10.6082000,10.4200000,10.4680000,156822000
CNYRUB_TOM,D,17/04/20,00:00:00,10.4000000,10.5139000,10.3961000,10.4350000,48402000
CNYRUB_TOM,D,20/04/20,00:00:00,10.5620000,10.6500000,10.4795000,10.6500000,48866000
CNYRUB_TOM,D,21/04/20,00:00:00,10.6740000,10.9200000,10.6740000,10.8880000,81824000
CNYRUB_TOM,D,22/04/20,00:00:00,10.9699000,10.9699000,10.6820000,10.6820000,100579000
CNYRUB_TOM,D,23/04/20,00:00:00,10.6300000,10.6700000,10.4900000,10.5550000,67265000
CNYRUB_TOM,D,24/04/20,00:00:00,10.5460000,10.5669000,10.4301000,10.5290000,66914000
CNYRUB_TOM,D,27/04/20,00:00:00,10.5479000,10.5500000,10.4500000,10.5400000,54020000
CNYRUB_TOM,D,28/04/20,00:00:00,10.5480000,10.5550000,10.4280000,10.4750000,67449000
CNYRUB_TOM,D,29/04/20,00:00:00,10.4141000,10.4299000,10.3300000,10.3390000,72991000
CNYRUB_TOM,D,30/04/20,00:00:00,10.3260000,10.5640000,10.2941000,10.4780000,66894000
CNYRUB_TOM,D,04/05/20,00:00:00,10.5420000,10.6400000,10.4801000,10.5119000,2196000
CNYRUB_TOM,D,05/05/20,00:00:00,10.4160000,10.4635000,10.3500000,10.3960000,2007000
CNYRUB_TOM,D,06/05/20,00:00:00,10.3300000,10.5309000,10.3300000,10.4500000,77413000
CNYRUB_TOM,D,07/05/20,00:00:00,10.4320000,10.4579000,10.3550000,10.4479000,212873000
CNYRUB_TOM,D,08/05/20,00:00:00,10.4201000,10.4299000,10.3240000,10.3620000,205801000
CNYRUB_TOM,D,12/05/20,00:00:00,10.3809000,10.3809000,10.2881000,10.3790000,48619000
CNYRUB_TOM,D,13/05/20,00:00:00,10.3820000,10.4439000,10.2971000,10.4190000,195738000
CNYRUB_TOM,D,14/05/20,00:00:00,10.3861000,10.4619000,10.3519000,10.3519000,407729000
CNYRUB_TOM,D,15/05/20,00:00:00,10.3159000,10.3595000,10.2690000,10.3120000,161329000
CNYRUB_TOM,D,18/05/20,00:00:00,10.2350000,10.2549000,10.1980000,10.2200000,230952000
CNYRUB_TOM,D,19/05/20,00:00:00,10.1800000,10.2189000,10.1450000,10.1900000,216699000
CNYRUB_TOM,D,20/05/20,00:00:00,10.1890000,10.1890000,10.0100000,10.0200000,227777000
CNYRUB_TOM,D,21/05/20,00:00:00,9.9920000,10.0200000,9.9241000,9.9590000,63672000
CNYRUB_TOM,D,22/05/20,00:00:00,9.9981000,10.0819000,9.9781000,10.0250000,268142000
CNYRUB_TOM,D,25/05/20,00:00:00,10.0049000,10.0479000,9.9900000,10.0355000,119580000
CNYRUB_TOM,D,26/05/20,00:00:00,9.9701000,9.9759000,9.8941000,9.9021000,195888000
CNYRUB_TOM,D,27/05/20,00:00:00,9.9061000,9.9370000,9.8681000,9.8900000,199893000
CNYRUB_TOM,D,28/05/20,00:00:00,9.9111000,9.9289000,9.8100000,9.8420000,199033000
CNYRUB_TOM,D,29/05/20,00:00:00,9.8501000,9.8889000,9.8333000,9.8551000,224129000
CNYRUB_TOM,D,01/06/20,00:00:00,9.7901000,9.8149000,9.7069000,9.7069000,231745000
CNYRUB_TOM,D,02/06/20,00:00:00,9.6939000,9.7078000,9.6417000,9.6632000,205783000
CNYRUB_TOM,D,03/06/20,00:00:00,9.6164000,9.6846000,9.5918000,9.6360000,100833000
CNYRUB_TOM,D,04/06/20,00:00:00,9.6600000,9.7601000,9.6600000,9.7281000,101815000
CNYRUB_TOM,D,05/06/20,00:00:00,9.7044000,9.7227000,9.6457000,9.7200000,30266000
CNYRUB_TOM,D,08/06/20,00:00:00,9.6700000,9.7073000,9.6300000,9.6783000,74900000
CNYRUB_TOM,D,09/06/20,00:00:00,9.6761000,9.7362000,9.6761000,9.6926000,113701000
CNYRUB_TOM,D,10/06/20,00:00:00,9.7081000,9.7611000,9.6900000,9.7249000,124546000
CNYRUB_TOM,D,11/06/20,00:00:00,9.7581000,9.9169000,9.7491000,9.9060000,84661000
CNYRUB_TOM,D,15/06/20,00:00:00,9.9429000,9.9429000,9.8500000,9.8540000,53571000
CNYRUB_TOM,D,16/06/20,00:00:00,9.8549000,9.8818000,9.7925000,9.8329000,71817000
CNYRUB_TOM,D,17/06/20,00:00:00,9.7981000,9.8760000,9.7961000,9.8760000,79503000
CNYRUB_TOM,D,18/06/20,00:00:00,9.8599000,9.8749000,9.7911000,9.8621000,188962000
CNYRUB_TOM,D,19/06/20,00:00:00,9.8391000,9.8525000,9.7967000,9.8040000,71922000
CNYRUB_TOM,D,22/06/20,00:00:00,9.8254000,9.8417000,9.7762000,9.7800000,52502000
CNYRUB_TOM,D,23/06/20,00:00:00,9.7500000,9.7600000,9.7300000,9.7580000,116249000
CNYRUB_TOM,D,25/06/20,00:00:00,9.8350000,9.8350000,9.7500000,9.7640000,211059000
CNYRUB_TOM,D,26/06/20,00:00:00,9.7719000,9.8675000,9.7500000,9.8436000,81516000
CNYRUB_TOM,D,29/06/20,00:00:00,9.8709000,9.9430000,9.8421000,9.8958000,74637000
CNYRUB_TOM,D,30/06/20,00:00:00,9.9250000,10.0899000,9.9250000,10.0849000,102680000
CNYRUB_TOM,D,02/07/20,00:00:00,10.0080000,10.0080000,9.9300000,9.9899000,95056000
CNYRUB_TOM,D,03/07/20,00:00:00,9.9501000,10.1399000,9.9501000,10.0941000,108913000
CNYRUB_TOM,D,06/07/20,00:00:00,10.0671000,10.2701000,10.0661000,10.2500000,101122000
CNYRUB_TOM,D,07/07/20,00:00:00,10.2581000,10.2984000,10.1581000,10.1841000,77410000
CNYRUB_TOM,D,08/07/20,00:00:00,10.1998000,10.1998000,10.1281000,10.1809000,64678000
CNYRUB_TOM,D,09/07/20,00:00:00,10.1600000,10.1700000,10.0961000,10.1281000,68901000
CNYRUB_TOM,D,10/07/20,00:00:00,10.1602000,10.1840000,10.0900000,10.0900000,54248000
CNYRUB_TOM,D,13/07/20,00:00:00,10.0858000,10.1508000,10.0786000,10.1310000,68320000
CNYRUB_TOM,D,14/07/20,00:00:00,10.1179000,10.1582000,10.1040000,10.1100000,39498000
CNYRUB_TOM,D,15/07/20,00:00:00,10.1105000,10.1759000,10.1061000,10.1595000,44713000
CNYRUB_TOM,D,16/07/20,00:00:00,10.1819000,10.2330000,10.1641000,10.2330000,59927000
CNYRUB_TOM,D,17/07/20,00:00:00,10.2305000,10.2939000,10.2305000,10.2867000,73870000
CNYRUB_TOM,D,20/07/20,00:00:00,10.2745000,10.3180000,10.2054000,10.2091000,55909000
CNYRUB_TOM,D,21/07/20,00:00:00,10.1759000,10.1759000,10.1160000,10.1433000,69865000
CNYRUB_TOM,D,22/07/20,00:00:00,10.1391000,10.1799000,10.1081000,10.1290000,268542000
CNYRUB_TOM,D,23/07/20,00:00:00,10.1321000,10.2179000,10.1245000,10.1979000,80279000
CNYRUB_TOM,D,24/07/20,00:00:00,10.1751000,10.2500000,10.1624000,10.2099000,33706000
CNYRUB_TOM,D,27/07/20,00:00:00,10.2279000,10.2669000,10.1968000,10.2330000,108392000
CNYRUB_TOM,D,28/07/20,00:00:00,10.2354000,10.3799000,10.2354000,10.3580000,45554000
CNYRUB_TOM,D,29/07/20,00:00:00,10.3569000,10.4089000,10.2965000,10.3859000,50502000
CNYRUB_TOM,D,30/07/20,00:00:00,10.4379000,10.5302000,10.4350000,10.4570000,69694000
CNYRUB_TOM,D,31/07/20,00:00:00,10.4939000,10.6719000,10.4767000,10.6380000,64010000
CNYRUB_TOM,D,03/08/20,00:00:00,10.6819000,10.6859000,10.4750000,10.4750000,72539000
CNYRUB_TOM,D,04/08/20,00:00:00,10.4559000,10.5949000,10.4485000,10.5560000,54794000
CNYRUB_TOM,D,05/08/20,00:00:00,10.5501000,10.5689000,10.4835000,10.5043000,89445000
CNYRUB_TOM,D,06/08/20,00:00:00,10.4841000,10.5880000,10.4682000,10.5501000,54064000
CNYRUB_TOM,D,07/08/20,00:00:00,10.5791000,10.6069000,10.5400000,10.5880000,65964000
CNYRUB_TOM,D,10/08/20,00:00:00,10.5965000,10.6179000,10.5321000,10.5461000,56678000
CNYRUB_TOM,D,11/08/20,00:00:00,10.5669000,10.5669000,10.4751000,10.5405000,60416000
CNYRUB_TOM,D,12/08/20,00:00:00,10.5299000,10.6400000,10.5161000,10.6160000,104392000
CNYRUB_TOM,D,13/08/20,00:00:00,10.5951000,10.6274000,10.4920000,10.4920000,70850000
CNYRUB_TOM,D,14/08/20,00:00:00,10.5149000,10.5748000,10.4861000,10.4900000,35984000
CNYRUB_TOM,D,17/08/20,00:00:00,10.5409000,10.6419000,10.4911000,10.6380000,53919000
CNYRUB_TOM,D,18/08/20,00:00:00,10.6260000,10.6439000,10.5479000,10.5999000,98064000
CNYRUB_TOM,D,19/08/20,00:00:00,10.5859000,10.6540000,10.5661000,10.5900000,85348000
CNYRUB_TOM,D,20/08/20,00:00:00,10.5981000,10.7335000,10.5981000,10.6920000,54838000
CNYRUB_TOM,D,21/08/20,00:00:00,10.7099000,10.8429000,10.6959000,10.8089000,45253000
CNYRUB_TOM,D,24/08/20,00:00:00,10.7799000,10.7959000,10.7421000,10.7939000,115422000
CNYRUB_TOM,D,25/08/20,00:00:00,10.7781000,10.9539000,10.7611000,10.9080000,83267000
CNYRUB_TOM,D,26/08/20,00:00:00,10.9607000,11.0320000,10.9341000,10.9630000,118173000
CNYRUB_TOM,D,27/08/20,00:00:00,10.9621000,10.9689000,10.8680000,10.8680000,129899000
CNYRUB_TOM,D,28/08/20,00:00:00,10.8659000,10.8969000,10.7860000,10.7989000,89728000
CNYRUB_TOM,D,31/08/20,00:00:00,10.8150000,10.8701000,10.7431000,10.8041000,55197000
CNYRUB_TOM,D,01/09/20,00:00:00,10.7921000,10.8079000,10.7401000,10.7700000,100798000
CNYRUB_TOM,D,02/09/20,00:00:00,10.7990000,11.0789000,10.7956000,11.0290000,80587000
CNYRUB_TOM,D,03/09/20,00:00:00,11.0610000,11.0889000,10.9550000,11.0010000,35749000
CNYRUB_TOM,D,04/09/20,00:00:00,11.0289000,11.0489000,10.9531000,11.0290000,126321000
CNYRUB_TOM,D,07/09/20,00:00:00,11.0461000,11.1607000,11.0361000,11.0920000,65272000
CNYRUB_TOM,D,08/09/20,00:00:00,11.1001000,11.1750000,11.0770000,11.1440000,50804000
CNYRUB_TOM,D,09/09/20,00:00:00,11.1499000,11.1559000,11.0181000,11.0349000,63091000
CNYRUB_TOM,D,10/09/20,00:00:00,11.0140000,11.0648000,10.9430000,11.0000000,90179000
CNYRUB_TOM,D,11/09/20,00:00:00,10.9701000,10.9900000,10.9361000,10.9761000,70456000
CNYRUB_TOM,D,14/09/20,00:00:00,10.9459000,11.0760000,10.9251000,11.0431000,52391000
CNYRUB_TOM,D,15/09/20,00:00:00,11.0511000,11.1119000,11.0421000,11.0700000,59458000
CNYRUB_TOM,D,16/09/20,00:00:00,11.0699000,11.1250000,11.0570000,11.1250000,53449000
CNYRUB_TOM,D,17/09/20,00:00:00,11.1061000,11.1479000,11.0740000,11.1310000,61304000
CNYRUB_TOM,D,18/09/20,00:00:00,11.1140000,11.1790000,11.1000000,11.1640000,62541000
CNYRUB_TOM,D,21/09/20,00:00:00,11.2030000,11.2919000,11.1811000,11.2000000,55709000
CNYRUB_TOM,D,22/09/20,00:00:00,11.2381000,11.2489000,11.1761000,11.2180000,67519000
CNYRUB_TOM,D,23/09/20,00:00:00,11.2329000,11.3109000,11.2200000,11.2830000,91505000
CNYRUB_TOM,D,24/09/20,00:00:00,11.2962000,11.3359000,11.2638000,11.2980000,46636000
CNYRUB_TOM,D,25/09/20,00:00:00,11.2601000,11.4839000,11.2400000,11.4650000,68030000
CNYRUB_TOM,D,28/09/20,00:00:00,11.4350000,11.6339000,11.4350000,11.6140000,173382000
CNYRUB_TOM,D,29/09/20,00:00:00,11.6456000,11.7199000,11.5100000,11.6219000,88710000
CNYRUB_TOM,D,30/09/20,00:00:00,11.6261000,11.6261000,11.4381000,11.4625000,70411000
CNYRUB_TOM,D,01/10/20,00:00:00,11.4581000,11.5179000,11.4421000,11.4800000,39002000
CNYRUB_TOM,D,02/10/20,00:00:00,11.4951000,11.6674000,11.4951000,11.5940000,32614000
CNYRUB_TOM,D,05/10/20,00:00:00,11.5500000,11.7230000,11.5381000,11.6400000,60853000
CNYRUB_TOM,D,06/10/20,00:00:00,11.6319000,11.6929000,11.5475000,11.6300000,36025000
CNYRUB_TOM,D,07/10/20,00:00:00,11.6300000,11.6600000,11.5801000,11.6010000,47743000
CNYRUB_TOM,D,08/10/20,00:00:00,11.5799000,11.6059000,11.4741000,11.4770000,51659000
CNYRUB_TOM,D,09/10/20,00:00:00,11.5259000,11.5467000,11.4600000,11.4890000,55686000
CNYRUB_TOM,D,12/10/20,00:00:00,11.4719000,11.4989000,11.4051000,11.4370000,53331000
CNYRUB_TOM,D,13/10/20,00:00:00,11.4501000,11.4849000,11.4200000,11.4340000,69930000
CNYRUB_TOM,D,14/10/20,00:00:00,11.4541000,11.5750000,11.4541000,11.5750000,59024000
CNYRUB_TOM,D,15/10/20,00:00:00,11.6039000,11.6869000,11.5771000,11.6400000,43012000
CNYRUB_TOM,D,16/10/20,00:00:00,11.6499000,11.7001000,11.6171000,11.6450000,43985000
CNYRUB_TOM,D,19/10/20,00:00:00,11.6570000,11.6699000,11.6051000,11.6330000,39142000
CNYRUB_TOM,D,20/10/20,00:00:00,11.6473000,11.6949000,11.6040000,11.6200000,73143000
CNYRUB_TOM,D,21/10/20,00:00:00,11.6449000,11.6459000,11.5361000,11.5610000,129015000
CNYRUB_TOM,D,22/10/20,00:00:00,11.5900000,11.5980000,11.4600000,11.4860000,374465000
CNYRUB_TOM,D,23/10/20,00:00:00,11.4961000,11.5299000,11.3001000,11.4250000,310290000
CNYRUB_TOM,D,26/10/20,00:00:00,11.4619000,11.4619000,11.3391000,11.4280000,99087000
CNYRUB_TOM,D,27/10/20,00:00:00,11.4021000,11.5279000,11.3870000,11.5220000,256478000
CNYRUB_TOM,D,28/10/20,00:00:00,11.5412000,11.7860000,11.5310000,11.7860000,95444000
CNYRUB_TOM,D,29/10/20,00:00:00,11.7531000,11.8659000,11.7151000,11.7690000,50860000
CNYRUB_TOM,D,30/10/20,00:00:00,11.8131000,11.8887000,11.7731000,11.8800000,51805000
CNYRUB_TOM,D,02/11/20,00:00:00,11.9609000,12.0839000,11.9609000,12.0430000,49077000
CNYRUB_TOM,D,03/11/20,00:00:00,12.0101000,12.0150000,11.8341000,11.8680000,43843000
CNYRUB_TOM,D,05/11/20,00:00:00,11.7939000,11.8689000,11.6051000,11.6660000,89994000
CNYRUB_TOM,D,06/11/20,00:00:00,11.6501000,11.8167000,11.6381000,11.7440000,74894000
CNYRUB_TOM,D,09/11/20,00:00:00,11.7799000,11.7799000,11.4500000,11.5390000,379458000
CNYRUB_TOM,D,10/11/20,00:00:00,11.5629000,11.6420000,11.5350000,11.6050000,318530000
CNYRUB_TOM,D,11/11/20,00:00:00,11.5752000,11.6629000,11.5021000,11.6520000,54301000
CNYRUB_TOM,D,12/11/20,00:00:00,11.6919000,11.7119000,11.5921000,11.7040000,57613000
CNYRUB_TOM,D,13/11/20,00:00:00,11.6939000,11.7559000,11.6621000,11.7250000,40782000
CNYRUB_TOM,D,16/11/20,00:00:00,11.7200000,11.7439000,11.5841000,11.6040000,52012000
CNYRUB_TOM,D,17/11/20,00:00:00,11.6359000,11.7019000,11.6079000,11.6580000,47001000
CNYRUB_TOM,D,18/11/20,00:00:00,11.6709000,11.6719000,11.5479000,11.5800000,138178000
CNYRUB_TOM,D,19/11/20,00:00:00,11.6030000,11.6335000,11.5731000,11.5880000,61187000
CNYRUB_TOM,D,20/11/20,00:00:00,11.5880000,11.6409000,11.5588000,11.6350000,37443000
CNYRUB_TOM,D,23/11/20,00:00:00,11.5800000,11.6200000,11.5181000,11.5830000,125910000
CNYRUB_TOM,D,24/11/20,00:00:00,11.5309000,11.5804000,11.4500000,11.4760000,66683000
CNYRUB_TOM,D,25/11/20,00:00:00,11.4749000,11.5529000,11.4581000,11.5200000,105779000
CNYRUB_TOM,D,26/11/20,00:00:00,11.4961000,11.5379000,11.4801000,11.5260000,254181000
CNYRUB_TOM,D,27/11/20,00:00:00,11.5079000,11.6155000,11.5021000,11.5500000,54596000
CNYRUB_TOM,D,30/11/20,00:00:00,11.5849000,11.6399000,11.5493000,11.6029000,46812000
CNYRUB_TOM,D,01/12/20,00:00:00,11.6041000,11.6529000,11.5200000,11.5870000,93051000
CNYRUB_TOM,D,02/12/20,00:00:00,11.5730000,11.5869000,11.4650000,11.4820000,131129000
CNYRUB_TOM,D,03/12/20,00:00:00,11.4840000,11.5142000,11.3700000,11.3920000,310186000
CNYRUB_TOM,D,04/12/20,00:00:00,11.3960000,11.4085000,11.3250000,11.3716000,586571000
CNYRUB_TOM,D,07/12/20,00:00:00,11.3839000,11.4027000,11.2514000,11.2972000,507504000
CNYRUB_TOM,D,08/12/20,00:00:00,11.2935000,11.3215000,11.2120000,11.2790000,640719000
CNYRUB_TOM,D,09/12/20,00:00:00,11.2627000,11.3379000,11.2298000,11.3142000,80865000
CNYRUB_TOM,D,10/12/20,00:00:00,11.2830000,11.3039000,11.1574000,11.1660000,80810000
CNYRUB_TOM,D,11/12/20,00:00:00,11.1841000,11.2371000,11.1500000,11.1500000,130443000
CNYRUB_TOM,D,14/12/20,00:00:00,11.1774000,11.3283000,11.1679000,11.3089000,126452000
CNYRUB_TOM,D,15/12/20,00:00:00,11.2562000,11.2961000,11.2200000,11.2658000,64661000
CNYRUB_TOM,D,16/12/20,00:00:00,11.2421000,11.3174000,11.2421000,11.2587000,64323000
CNYRUB_TOM,D,17/12/20,00:00:00,11.2439000,11.2439000,11.1667000,11.1960000,101725000
CNYRUB_TOM,D,18/12/20,00:00:00,11.2004000,11.3419000,11.1946000,11.2517000,64345000
CNYRUB_TOM,D,21/12/20,00:00:00,11.3440000,11.5193000,11.3440000,11.4220000,109162000
CNYRUB_TOM,D,22/12/20,00:00:00,11.5163000,11.6054000,11.4700000,11.6046000,87704000
CNYRUB_TOM,D,23/12/20,00:00:00,11.6039000,11.6039000,11.4480000,11.5080000,181761000
CNYRUB_TOM,D,24/12/20,00:00:00,11.5162000,11.5269000,11.3330000,11.3330000,106565000
CNYRUB_TOM,D,25/12/20,00:00:00,11.0501000,11.5999000,11.0501000,11.3930000,52031000
CNYRUB_TOM,D,28/12/20,00:00:00,11.3342000,11.3556000,11.2700000,11.2956000,146552000
CNYRUB_TOM,D,29/12/20,00:00:00,11.2941000,11.3720000,11.2601000,11.3720000,214091000
CNYRUB_TOM,D,30/12/20,00:00:00,11.3320000,11.5159000,11.3161000,11.4480000,58034000
CNYRUB_TOM,D,04/01/21,00:00:00,11.4660000,11.5120000,11.3280000,11.5020000,29061000
CNYRUB_TOM,D,05/01/21,00:00:00,11.5365000,11.6639000,11.4700000,11.5100000,26548000
CNYRUB_TOM,D,06/01/21,00:00:00,11.4456000,11.5004000,11.4100000,11.4640000,29617000
CNYRUB_TOM,D,08/01/21,00:00:00,11.4780000,11.5613000,11.4425000,11.4680000,12122000
CNYRUB_TOM,D,11/01/21,00:00:00,11.4966000,11.5639000,11.4731000,11.5300000,74169000
CNYRUB_TOM,D,12/01/21,00:00:00,11.5200000,11.5200000,11.3939000,11.4100000,74373000
CNYRUB_TOM,D,13/01/21,00:00:00,11.3901000,11.4479000,11.3726000,11.3940000,55970000
CNYRUB_TOM,D,14/01/21,00:00:00,11.4102000,11.4494000,11.3081000,11.3350000,49071000
CNYRUB_TOM,D,15/01/21,00:00:00,11.3521000,11.3949000,11.3121000,11.3470000,89147000
CNYRUB_TOM,D,18/01/21,00:00:00,11.4046000,11.4339000,11.3671000,11.3915000,35120000
CNYRUB_TOM,D,19/01/21,00:00:00,11.3709000,11.4079000,11.3400000,11.3740000,28496000
CNYRUB_TOM,D,20/01/21,00:00:00,11.3679000,11.3904000,11.3265000,11.3810000,19728000
CNYRUB_TOM,D,21/01/21,00:00:00,11.3545000,11.4500000,11.3400000,11.4235000,65781000
CNYRUB_TOM,D,22/01/21,00:00:00,11.4584000,11.6000000,11.4500000,11.5810000,113304000
CNYRUB_TOM,D,25/01/21,00:00:00,11.5104000,11.6729000,11.5041000,11.6205000,179491000
CNYRUB_TOM,D,26/01/21,00:00:00,11.6669000,11.6839000,11.5820000,11.6050000,256013000
CNYRUB_TOM,D,27/01/21,00:00:00,11.5726000,11.7049000,11.5699000,11.6830000,209543000
CNYRUB_TOM,D,28/01/21,00:00:00,11.6879000,11.7989000,11.6879000,11.7490000,508764000
CNYRUB_TOM,D,29/01/21,00:00:00,11.7834000,11.8199000,11.6881000,11.7500000,377556000
CNYRUB_TOM,D,01/02/21,00:00:00,11.7160000,11.7659000,11.6543000,11.7620000,75902000
CNYRUB_TOM,D,02/02/21,00:00:00,11.7321000,11.8120000,11.6641000,11.8120000,51453000
CNYRUB_TOM,D,03/02/21,00:00:00,11.7739000,11.7961000,11.7261000,11.7500000,50018000
CNYRUB_TOM,D,04/02/21,00:00:00,11.7561000,11.7657000,11.6461000,11.6750000,43804000
CNYRUB_TOM,D,05/02/21,00:00:00,11.6360000,11.6360000,11.5242000,11.5680000,35804000
CNYRUB_TOM,D,08/02/21,00:00:00,11.5241000,11.5629000,11.4940000,11.5300000,44838000
CNYRUB_TOM,D,09/02/21,00:00:00,11.4959000,11.5559000,11.4941000,11.5161000,72741000
CNYRUB_TOM,D,10/02/21,00:00:00,11.4921000,11.5359000,11.4780000,11.5100000,45480000
CNYRUB_TOM,D,11/02/21,00:00:00,11.5021000,11.5219000,11.4681000,11.4780000,30070000
CNYRUB_TOM,D,12/02/21,00:00:00,11.4959000,11.5856000,11.4580000,11.4880000,64986000
CNYRUB_TOM,D,15/02/21,00:00:00,11.4539000,11.4719000,11.4300000,11.4621000,43355000
CNYRUB_TOM,D,16/02/21,00:00:00,11.4439000,11.4942000,11.4165000,11.4580000,44603000
CNYRUB_TOM,D,17/02/21,00:00:00,11.4462000,11.5081000,11.4230000,11.4510000,60462000
CNYRUB_TOM,D,18/02/21,00:00:00,11.4479000,11.4719000,11.3988000,11.4340000,160527000
CNYRUB_TOM,D,19/02/21,00:00:00,11.4609000,11.4840000,11.4436000,11.4670000,52873000
CNYRUB_TOM,D,20/02/21,00:00:00,11.1651000,11.6920000,11.1651000,11.4701000,20653000
CNYRUB_TOM,D,22/02/21,00:00:00,11.4828000,11.6000000,11.4700000,11.4861000,5762000
CNYRUB_TOM,D,24/02/21,00:00:00,11.4441000,11.4609000,11.3921000,11.4050000,72339000
CNYRUB_TOM,D,25/02/21,00:00:00,11.3879000,11.5200000,11.3859000,11.5170000,121076000
CNYRUB_TOM,D,26/02/21,00:00:00,11.5414000,11.5664000,11.4697000,11.5060000,173835000
CNYRUB_TOM,D,01/03/21,00:00:00,11.5005000,11.5015000,11.4200000,11.4700000,39319000
CNYRUB_TOM,D,02/03/21,00:00:00,11.4829000,11.5300000,11.3634000,11.3945000,147223000
CNYRUB_TOM,D,03/03/21,00:00:00,11.3986000,11.4399000,11.3626000,11.4350000,54341000
CNYRUB_TOM,D,04/03/21,00:00:00,11.4300000,11.5500000,11.3310000,11.5080000,53323000
CNYRUB_TOM,D,05/03/21,00:00:00,11.5015000,11.5090000,11.3473000,11.3870000,504234000
CNYRUB_TOM,D,09/03/21,00:00:00,11.3011000,11.5899000,11.3011000,11.3480000,219813000
CNYRUB_TOM,D,10/03/21,00:00:00,11.3581000,11.3762000,11.3156000,11.3380000,60924000
CNYRUB_TOM,D,11/03/21,00:00:00,11.3200000,11.3891000,11.2900000,11.3230000,82430000
CNYRUB_TOM,D,12/03/21,00:00:00,11.3085000,11.3399000,11.2769000,11.2904000,121667000
CNYRUB_TOM,D,15/03/21,00:00:00,11.2680000,11.2824000,11.2046000,11.2200000,45528000
CNYRUB_TOM,D,16/03/21,00:00:00,11.2244000,11.2372000,11.1667000,11.2125000,78214000
CNYRUB_TOM,D,17/03/21,00:00:00,11.2299000,11.3936000,11.2272000,11.3640000,47544000
CNYRUB_TOM,D,18/03/21,00:00:00,11.3669000,11.4350000,11.3142000,11.4315000,30694000
CNYRUB_TOM,D,19/03/21,00:00:00,11.3931000,11.4341000,11.3300000,11.4005000,63755000
CNYRUB_TOM,D,22/03/21,00:00:00,11.3930000,11.5400000,11.3930000,11.5165000,35735000
CNYRUB_TOM,D,23/03/21,00:00:00,11.5324000,11.7171000,11.5300000,11.7100000,88714000
CNYRUB_TOM,D,24/03/21,00:00:00,11.6961000,11.7999000,11.6154000,11.7235000,51403000
CNYRUB_TOM,D,25/03/21,00:00:00,11.6961000,11.7061000,11.5900000,11.6300000,82100000
CNYRUB_TOM,D,26/03/21,00:00:00,11.6189000,11.6400000,11.5580000,11.5680000,42318000
CNYRUB_TOM,D,29/03/21,00:00:00,11.5820000,11.5947000,11.5059000,11.5160000,41919000
CNYRUB_TOM,D,30/03/21,00:00:00,11.5040000,11.5748000,11.4725000,11.5326000,313619000
CNYRUB_TOM,D,31/03/21,00:00:00,11.5500000,11.5589000,11.4721000,11.5400000,83939000
CNYRUB_TOM,D,01/04/21,00:00:00,11.5235000,11.6300000,11.4966000,11.6060000,57728000
CNYRUB_TOM,D,02/04/21,00:00:00,11.9399000,11.9399000,11.5001000,11.6400000,59982000
CNYRUB_TOM,D,05/04/21,00:00:00,11.3501000,11.9299000,11.3501000,11.6534000,39008000
CNYRUB_TOM,D,06/04/21,00:00:00,11.6479000,11.8181000,11.6320000,11.8020000,68282000
CNYRUB_TOM,D,07/04/21,00:00:00,11.7101000,11.9243000,11.7101000,11.7500000,113329000
CNYRUB_TOM,D,08/04/21,00:00:00,11.7485000,11.7992000,11.6871000,11.7235000,84963000
CNYRUB_TOM,D,09/04/21,00:00:00,11.7210000,11.8144000,11.7210000,11.7935000,248351000
CNYRUB_TOM,D,12/04/21,00:00:00,11.8324000,11.8548000,11.7721000,11.8120000,59422000
CNYRUB_TOM,D,13/04/21,00:00:00,11.7001000,11.8279000,11.5900000,11.6155000,61638000
CNYRUB_TOM,D,14/04/21,00:00:00,11.6094000,11.6350000,11.5356000,11.6080000,110753000
CNYRUB_TOM,D,15/04/21,00:00:00,11.6300000,11.8600000,11.6300000,11.7000000,112363000
CNYRUB_TOM,D,16/04/21,00:00:00,11.6711000,11.7149000,11.5494000,11.6110000,116939000
CNYRUB_TOM,D,19/04/21,00:00:00,11.9400000,11.9400000,11.6305000,11.7269000,69950000
CNYRUB_TOM,D,20/04/21,00:00:00,11.7395000,11.8538000,11.7000000,11.8145000,66245000
CNYRUB_TOM,D,21/04/21,00:00:00,11.8381000,11.8602000,11.7530000,11.7960000,66465000
CNYRUB_TOM,D,22/04/21,00:00:00,11.8080000,11.8380000,11.5975000,11.6160000,89695000
CNYRUB_TOM,D,23/04/21,00:00:00,11.6311000,11.6381000,11.5137000,11.5600000,112853000
CNYRUB_TOM,D,26/04/21,00:00:00,11.8449000,11.8449000,11.5141000,11.5900000,50334000
CNYRUB_TOM,D,27/04/21,00:00:00,11.5676000,11.5982000,11.5416000,11.5660000,50800000
CNYRUB_TOM,D,28/04/21,00:00:00,11.5624000,11.5709000,11.4900000,11.4950000,98493000
CNYRUB_TOM,D,29/04/21,00:00:00,11.4999000,11.5664000,11.4836000,11.5435000,109284000
CNYRUB_TOM,D,30/04/21,00:00:00,11.5899000,11.6310000,11.5001000,11.6200000,90272000
CNYRUB_TOM,D,04/05/21,00:00:00,11.5300000,11.6300000,11.5271000,11.5540000,31187000
CNYRUB_TOM,D,05/05/21,00:00:00,11.5286000,11.5525000,11.4992000,11.5415000,56009000
CNYRUB_TOM,D,06/05/21,00:00:00,11.5594000,11.5634000,11.4761000,11.4844000,83454000
CNYRUB_TOM,D,07/05/21,00:00:00,11.5029000,11.5242000,11.4600000,11.5015000,43374000
CNYRUB_TOM,D,10/05/21,00:00:00,11.4800000,11.5760000,11.4500000,11.5741000,7764000
CNYRUB_TOM,D,11/05/21,00:00:00,11.5799000,11.5829000,11.5041000,11.5284000,56098000
CNYRUB_TOM,D,12/05/21,00:00:00,11.5251000,11.5679000,11.4861000,11.5600000,45074000
CNYRUB_TOM,D,13/05/21,00:00:00,11.5480000,11.5499000,11.4551000,11.4850000,84566000
CNYRUB_TOM,D,14/05/21,00:00:00,11.5004000,11.5119000,11.4580000,11.4909000,38438000
CNYRUB_TOM,D,17/05/21,00:00:00,11.4974000,11.5035000,11.4460000,11.4600000,44063000
CNYRUB_TOM,D,18/05/21,00:00:00,11.4769000,11.5050000,11.4580000,11.4640000,65257000
CNYRUB_TOM,D,19/05/21,00:00:00,11.4744000,11.4856000,11.4397000,11.4600000,90136000
CNYRUB_TOM,D,20/05/21,00:00:00,11.4709000,11.4709000,11.4201000,11.4380000,70423000
CNYRUB_TOM,D,21/05/21,00:00:00,11.4238000,11.4499000,11.4082000,11.4418000,91126000
CNYRUB_TOM,D,24/05/21,00:00:00,11.4426000,11.5014000,11.4300000,11.4680000,102637000
CNYRUB_TOM,D,25/05/21,00:00:00,11.4734000,11.4860000,11.4400000,11.4679000,55470000
CNYRUB_TOM,D,26/05/21,00:00:00,11.5000000,11.5497000,11.4775000,11.5135000,95566000
CNYRUB_TOM,D,27/05/21,00:00:00,11.5290000,11.5490000,11.5060000,11.5350000,120800000
CNYRUB_TOM,D,28/05/21,00:00:00,11.5699000,11.5700000,11.4801000,11.5040000,116668000
CNYRUB_TOM,D,31/05/21,00:00:00,11.4601000,11.5430000,11.4601000,11.5161000,35844000
CNYRUB_TOM,D,01/06/21,00:00:00,11.5176000,11.5420000,11.4756000,11.5130000,61666000
CNYRUB_TOM,D,02/06/21,00:00:00,11.5206000,11.5380000,11.4600000,11.4610000,72051000
CNYRUB_TOM,D,03/06/21,00:00:00,11.4500000,11.4775000,11.4350000,11.4480000,105559000
CNYRUB_TOM,D,04/06/21,00:00:00,11.4460000,11.4989000,11.3880000,11.4005000,64776000
CNYRUB_TOM,D,07/06/21,00:00:00,11.3880000,11.4192000,11.3800000,11.4100000,93258000
CNYRUB_TOM,D,08/06/21,00:00:00,11.6833000,11.6833000,11.1238000,11.3040000,92183000
CNYRUB_TOM,D,09/06/21,00:00:00,11.3040000,11.3300000,11.2666000,11.3280000,78968000
CNYRUB_TOM,D,10/06/21,00:00:00,11.3649000,11.3649000,11.2260000,11.2400000,79450000
CNYRUB_TOM,D,11/06/21,00:00:00,11.2515000,11.2959000,11.2000000,11.2800000,45315000
CNYRUB_TOM,D,14/06/21,00:00:00,11.5197000,11.5197000,11.2400000,11.2605000,5113000
CNYRUB_TOM,D,15/06/21,00:00:00,11.2999000,11.2999000,11.2047000,11.2740000,99863000
CNYRUB_TOM,D,16/06/21,00:00:00,11.4916000,11.4916000,11.2100000,11.2850000,89458000
CNYRUB_TOM,D,17/06/21,00:00:00,11.2839000,11.3065000,11.1831000,11.2000000,84907000
CNYRUB_TOM,D,18/06/21,00:00:00,11.2234000,11.2879000,11.1857000,11.2600000,72573000
CNYRUB_TOM,D,21/06/21,00:00:00,11.2151000,11.3219000,11.2151000,11.3200000,59053000
CNYRUB_TOM,D,22/06/21,00:00:00,11.2881000,11.3065000,11.2411000,11.2435000,91760000
CNYRUB_TOM,D,23/06/21,00:00:00,11.2379000,11.2444000,11.1773000,11.2190000,83864000
CNYRUB_TOM,D,24/06/21,00:00:00,11.2055000,11.2145000,11.1456000,11.1740000,68688000
CNYRUB_TOM,D,25/06/21,00:00:00,11.1826000,11.1900000,11.1616000,11.1844000,67850000
CNYRUB_TOM,D,28/06/21,00:00:00,11.1759000,11.1849000,11.1616000,11.1617000,67253000
CNYRUB_TOM,D,29/06/21,00:00:00,11.1721000,11.2799000,11.1721000,11.2700000,143748000
CNYRUB_TOM,D,30/06/21,00:00:00,11.0625000,11.3306000,11.0625000,11.3259000,155207000
CNYRUB_TOM,D,01/07/21,00:00:00,11.3090000,11.3619000,11.2637000,11.3485000,78293000
CNYRUB_TOM,D,02/07/21,00:00:00,11.3001000,11.3799000,11.3000000,11.3155000,95410000
CNYRUB_TOM,D,05/07/21,00:00:00,11.3414000,11.3845000,11.3350000,11.3670000,53898000
CNYRUB_TOM,D,06/07/21,00:00:00,11.3589000,11.5310000,11.3218000,11.4930000,72898000
CNYRUB_TOM,D,07/07/21,00:00:00,11.4944000,11.5650000,11.4390000,11.5420000,55455000
CNYRUB_TOM,D,08/07/21,00:00:00,11.5165000,11.6114000,11.4860000,11.5151000,168989000
CNYRUB_TOM,D,09/07/21,00:00:00,11.5149000,11.5229000,11.4378000,11.4750000,58223000
CNYRUB_TOM,D,12/07/21,00:00:00,11.2427000,11.5470000,11.2427000,11.4925000,71622000
CNYRUB_TOM,D,13/07/21,00:00:00,11.4841000,11.4928000,11.4273000,11.4685000,36335000
CNYRUB_TOM,D,14/07/21,00:00:00,11.4375000,11.7186000,11.4272000,11.4741000,59199000
CNYRUB_TOM,D,15/07/21,00:00:00,11.4790000,11.5199000,11.4668000,11.5157000,58743000
CNYRUB_TOM,D,16/07/21,00:00:00,11.5039000,11.5039000,11.4171000,11.4400000,63234000
CNYRUB_TOM,D,19/07/21,00:00:00,11.4479000,11.5158000,11.4396000,11.5000000,148758000
CNYRUB_TOM,D,20/07/21,00:00:00,11.5029000,11.5100000,11.4541000,11.4675000,66129000
CNYRUB_TOM,D,21/07/21,00:00:00,11.4781000,11.5103000,11.4336000,11.4480000,127332000
CNYRUB_TOM,D,22/07/21,00:00:00,11.4321000,11.4494000,11.3741000,11.3845000,88174000
CNYRUB_TOM,D,23/07/21,00:00:00,11.3874000,11.4020000,11.3470000,11.3940000,50242000
CNYRUB_TOM,D,26/07/21,00:00:00,11.3781000,11.4495000,11.3555000,11.3640000,83161000
CNYRUB_TOM,D,27/07/21,00:00:00,11.3746000,11.3939000,11.2900000,11.2980000,49956000
CNYRUB_TOM,D,28/07/21,00:00:00,11.3139000,11.3520000,11.2849000,11.3360000,243809000
CNYRUB_TOM,D,29/07/21,00:00:00,11.3470000,11.3530000,11.3051000,11.3230000,71501000
CNYRUB_TOM,D,30/07/21,00:00:00,11.3280000,11.3620000,11.2550000,11.3086000,72788000
CNYRUB_TOM,D,02/08/21,00:00:00,11.3221000,11.3274000,11.2500000,11.2960000,70219000
CNYRUB_TOM,D,03/08/21,00:00:00,11.3059000,11.3200000,11.2650000,11.2830000,87878000
CNYRUB_TOM,D,04/08/21,00:00:00,11.2904000,11.3400000,11.2655000,11.3325000,81927000
CNYRUB_TOM,D,05/08/21,00:00:00,11.3075000,11.3423000,11.3071000,11.3100000,125419000
CNYRUB_TOM,D,06/08/21,00:00:00,11.3141000,11.3400000,11.2965000,11.3400000,74068000
CNYRUB_TOM,D,09/08/21,00:00:00,11.3561000,11.3664000,11.3300000,11.3641000,68978000
CNYRUB_TOM,D,10/08/21,00:00:00,11.3639000,11.4149000,11.3445000,11.3923000,46011000
CNYRUB_TOM,D,11/08/21,00:00:00,11.3941000,11.4260000,11.3241000,11.3241000,126420000
CNYRUB_TOM,D,12/08/21,00:00:00,11.3314000,11.3757000,11.3280000,11.3650000,55152000
CNYRUB_TOM,D,13/08/21,00:00:00,11.3586000,11.3719000,11.2950000,11.3049000,49540000
CNYRUB_TOM,D,16/08/21,00:00:00,11.3182000,11.3459000,11.3100000,11.3100000,59501000
CNYRUB_TOM,D,17/08/21,00:00:00,11.3199000,11.3440000,11.3140000,11.3440000,76877000
CNYRUB_TOM,D,18/08/21,00:00:00,11.3389000,11.3900000,11.3140000,11.3885000,93480000
CNYRUB_TOM,D,19/08/21,00:00:00,11.3874000,11.4400000,11.3696000,11.4180000,168833000
CNYRUB_TOM,D,20/08/21,00:00:00,11.4019000,11.4673000,11.3900000,11.4301000,108698000
CNYRUB_TOM,D,23/08/21,00:00:00,11.4121000,11.4500000,11.3849000,11.4494000,35905000
CNYRUB_TOM,D,24/08/21,00:00:00,11.4325000,11.4325000,11.3900000,11.3940000,89874000
CNYRUB_TOM,D,25/08/21,00:00:00,11.3921000,11.4489000,11.3814000,11.4350000,82894000
CNYRUB_TOM,D,26/08/21,00:00:00,11.4151000,11.4904000,11.4103000,11.4480000,228283000
CNYRUB_TOM,D,27/08/21,00:00:00,11.4524000,11.4524000,11.3790000,11.3894000,56988000
CNYRUB_TOM,D,30/08/21,00:00:00,11.3669000,11.3962000,11.3600000,11.3720000,100597000
CNYRUB_TOM,D,31/08/21,00:00:00,11.3650000,11.3739000,11.3380000,11.3451000,42641000
CNYRUB_TOM,D,01/09/21,00:00:00,11.3514000,11.3514000,11.2916000,11.3150000,110984000
CNYRUB_TOM,D,02/09/21,00:00:00,11.3159000,11.3209000,11.2750000,11.3110000,261605000
CNYRUB_TOM,D,03/09/21,00:00:00,11.2994000,11.3230000,11.2756000,11.3030000,125580000
CNYRUB_TOM,D,06/09/21,00:00:00,11.2921000,11.3279000,11.2921000,11.3220000,94467000
CNYRUB_TOM,D,07/09/21,00:00:00,11.3144000,11.3539000,11.3050000,11.3475000,101137000
CNYRUB_TOM,D,08/09/21,00:00:00,11.3609000,11.3865000,11.3300000,11.3300000,64066000
CNYRUB_TOM,D,09/09/21,00:00:00,11.3379000,11.3454000,11.2920000,11.3160000,140138000
CNYRUB_TOM,D,10/09/21,00:00:00,11.3109000,11.3660000,11.3020000,11.3650000,42662000
CNYRUB_TOM,D,13/09/21,00:00:00,11.3320000,11.3514000,11.2800000,11.2800000,169736000
CNYRUB_TOM,D,14/09/21,00:00:00,11.2750000,11.3400000,11.2700000,11.3300000,188374000
CNYRUB_TOM,D,15/09/21,00:00:00,11.3229000,11.3456000,11.2420000,11.2500000,92997000
CNYRUB_TOM,D,16/09/21,00:00:00,11.2459000,11.2669000,11.2272000,11.2400000,181276000
CNYRUB_TOM,D,17/09/21,00:00:00,11.2650000,11.2800000,11.2201000,11.2615000,111264000
CNYRUB_TOM,D,20/09/21,00:00:00,11.2675000,11.3570000,11.2656000,11.3315000,105781000
CNYRUB_TOM,D,21/09/21,00:00:00,11.3300000,11.3305000,11.2592000,11.2799000,60860000
CNYRUB_TOM,D,22/09/21,00:00:00,11.2600000,11.3000000,11.2450000,11.3000000,70550000
CNYRUB_TOM,D,23/09/21,00:00:00,11.2350000,11.2817000,11.2350000,11.2700000,56546000
CNYRUB_TOM,D,24/09/21,00:00:00,11.5173000,11.5173000,11.2550000,11.2550000,170256000
CNYRUB_TOM,D,27/09/21,00:00:00,11.1957000,11.2575000,11.1957000,11.2355000,193758000
CNYRUB_TOM,D,28/09/21,00:00:00,11.2218000,11.2900000,11.2120000,11.2580000,265783000
CNYRUB_TOM,D,29/09/21,00:00:00,11.2618000,11.2750000,11.2380000,11.2575000,167698000
CNYRUB_TOM,D,30/09/21,00:00:00,11.2635000,11.3095000,11.2400000,11.2980000,175658000
CNYRUB_TOM,D,01/10/21,00:00:00,11.3059000,11.3850000,11.2941000,11.3225000,102285000
CNYRUB_TOM,D,04/10/21,00:00:00,11.3000000,11.3229000,11.2400000,11.2545000,91764000
CNYRUB_TOM,D,05/10/21,00:00:00,11.2629000,11.2820000,11.2200000,11.2235000,78277000
CNYRUB_TOM,D,06/10/21,00:00:00,11.2370000,11.2520000,11.2000000,11.2275000,94462000
CNYRUB_TOM,D,07/10/21,00:00:00,11.2240000,11.2300000,11.1160000,11.1210000,98183000
CNYRUB_TOM,D,08/10/21,00:00:00,11.1324000,11.1704000,11.1175000,11.1535000,117051000
CNYRUB_TOM,D,11/10/21,00:00:00,11.1500000,11.1539000,11.1000000,11.1148000,108280000
CNYRUB_TOM,D,12/10/21,00:00:00,11.1292000,11.1589000,11.1150000,11.1350000,172465000
CNYRUB_TOM,D,13/10/21,00:00:00,11.1390000,11.2205000,11.1325000,11.1985000,229553000
CNYRUB_TOM,D,14/10/21,00:00:00,11.1736000,11.1899000,11.0824000,11.0950000,157085000
CNYRUB_TOM,D,15/10/21,00:00:00,11.0863000,11.1091000,11.0225000,11.0445000,128627000
CNYRUB_TOM,D,18/10/21,00:00:00,11.0397000,11.1006000,11.0320000,11.0935000,68401000
CNYRUB_TOM,D,19/10/21,00:00:00,11.0989000,11.1325000,11.0668000,11.1185000,91852000
CNYRUB_TOM,D,20/10/21,00:00:00,11.1047000,11.1301000,11.0750000,11.0802000,62256000
CNYRUB_TOM,D,21/10/21,00:00:00,11.1008000,11.1500000,11.0925000,11.1205000,102707000
CNYRUB_TOM,D,22/10/21,00:00:00,11.1147000,11.1259000,10.9699000,11.0110000,194977000
CNYRUB_TOM,D,25/10/21,00:00:00,11.0168000,11.0571000,10.9258000,10.9330000,64182000
CNYRUB_TOM,D,26/10/21,00:00:00,10.9127000,10.9377000,10.8590000,10.9065000,55813000
CNYRUB_TOM,D,27/10/21,00:00:00,10.8942000,11.0529000,10.8839000,11.0425000,104068000
CNYRUB_TOM,D,28/10/21,00:00:00,11.0494000,11.0645000,10.9650000,10.9905000,79439000
CNYRUB_TOM,D,29/10/21,00:00:00,10.9984000,11.0809000,10.9895000,11.0680000,82089000
CNYRUB_TOM,D,01/11/21,00:00:00,10.8458000,11.1989000,10.8458000,11.1940000,87184000
CNYRUB_TOM,D,02/11/21,00:00:00,11.1816000,11.2600000,11.1650000,11.1769000,103768000
CNYRUB_TOM,D,03/11/21,00:00:00,11.3583000,11.4100000,11.1253000,11.3800000,97466000
CNYRUB_TOM,D,05/11/21,00:00:00,11.4799000,11.4799000,11.1000000,11.1485000,24122000
CNYRUB_TOM,D,08/11/21,00:00:00,11.1430000,11.1812000,11.1267000,11.1560000,165621000
CNYRUB_TOM,D,09/11/21,00:00:00,11.1559000,11.1604000,11.0631000,11.0756000,107091000
CNYRUB_TOM,D,10/11/21,00:00:00,11.0914000,11.1470000,11.0333000,11.1345000,128070000
CNYRUB_TOM,D,11/11/21,00:00:00,11.1505000,11.2300000,11.0912000,11.2000000,99282000
CNYRUB_TOM,D,12/11/21,00:00:00,11.3180000,11.4800000,11.1956000,11.3500000,413629000
CNYRUB_TOM,D,15/11/21,00:00:00,11.3844000,11.4220000,11.2966000,11.3665000,60785000
CNYRUB_TOM,D,16/11/21,00:00:00,11.3769000,11.4900000,11.3606000,11.4450000,87490000
CNYRUB_TOM,D,17/11/21,00:00:00,11.1840000,11.5145000,11.1840000,11.3885000,108073000
CNYRUB_TOM,D,18/11/21,00:00:00,11.3994000,11.4836000,11.3660000,11.4510000,82007000
CNYRUB_TOM,D,19/11/21,00:00:00,11.4410000,11.5160000,11.3936000,11.4990000,124207000
CNYRUB_TOM,D,22/11/21,00:00:00,11.4775000,11.7562000,11.4700000,11.6903000,409222000
CNYRUB_TOM,D,23/11/21,00:00:00,11.7390000,11.7770000,11.5970000,11.6275000,147284000
CNYRUB_TOM,D,24/11/21,00:00:00,11.6261000,11.7275000,11.5995000,11.7160000,125645000
CNYRUB_TOM,D,25/11/21,00:00:00,11.7999000,11.7999000,11.6621000,11.6906000,116091000
CNYRUB_TOM,D,26/11/21,00:00:00,11.7660000,11.8678000,11.7565000,11.8105000,76426000
CNYRUB_TOM,D,29/11/21,00:00:00,11.7150000,11.7840000,11.6290000,11.6875000,70782000
CNYRUB_TOM,D,30/11/21,00:00:00,11.6706000,11.7814000,11.6240000,11.6395000,70257000
CNYRUB_TOM,D,01/12/21,00:00:00,11.6185000,11.7851000,11.5775000,11.6550000,109256000
CNYRUB_TOM,D,02/12/21,00:00:00,11.6444000,11.6559000,11.5366000,11.5700000,49123000
CNYRUB_TOM,D,03/12/21,00:00:00,11.5824000,11.6024000,11.5200000,11.5900000,58130000
CNYRUB_TOM,D,06/12/21,00:00:00,11.5724000,11.6700000,11.5301000,11.6625000,103687000
CNYRUB_TOM,D,07/12/21,00:00:00,11.9200000,11.9200000,11.5558000,11.6400000,106749000
CNYRUB_TOM,D,08/12/21,00:00:00,11.6349000,11.6562000,11.5876000,11.5876000,117184000
CNYRUB_TOM,D,09/12/21,00:00:00,11.6049000,11.7500000,11.5247000,11.5600000,73175000
CNYRUB_TOM,D,10/12/21,00:00:00,11.5849000,11.5880000,11.4980000,11.5000000,56566000
CNYRUB_TOM,D,13/12/21,00:00:00,11.5299000,11.5649000,11.5060000,11.5375000,67030000
CNYRUB_TOM,D,14/12/21,00:00:00,11.5499000,11.5974000,11.5254000,11.5750000,171509000
CNYRUB_TOM,D,15/12/21,00:00:00,11.5926000,11.6590000,11.5610000,11.5700000,253547000
CNYRUB_TOM,D,16/12/21,00:00:00,11.5649000,11.5800000,11.5100000,11.5650000,134375000
CNYRUB_TOM,D,17/12/21,00:00:00,11.5651000,11.6349000,11.5100000,11.6100000,90494000
CNYRUB_TOM,D,20/12/21,00:00:00,11.5501000,11.7850000,11.5501000,11.6175000,536306000
CNYRUB_TOM,D,21/12/21,00:00:00,11.6149000,11.6199000,11.5600000,11.6000000,144249000
CNYRUB_TOM,D,22/12/21,00:00:00,11.6151000,11.6199000,11.5356000,11.5650000,125912000
CNYRUB_TOM,D,23/12/21,00:00:00,11.5599000,11.5599000,11.4870000,11.5100000,116114000
CNYRUB_TOM,D,24/12/21,00:00:00,11.5124000,11.5724000,11.4763000,11.5600000,90793000
CNYRUB_TOM,D,27/12/21,00:00:00,11.5449000,11.5512000,11.4700000,11.5200000,188905000
CNYRUB_TOM,D,28/12/21,00:00:00,11.5176000,11.5919000,11.5119000,11.5675000,61028000
CNYRUB_TOM,D,29/12/21,00:00:00,11.5824000,11.6449000,11.5470000,11.6325000,68609000
CNYRUB_TOM,D,30/12/21,00:00:00,11.8200000,11.8200000,11.6325000,11.7175000,36876000
CNYRUB_TOM,D,03/01/22,00:00:00,11.7725000,11.8200000,11.6500000,11.6850000,2798000
CNYRUB_TOM,D,04/01/22,00:00:00,11.6950000,11.8450000,11.6850000,11.8150000,7261000
CNYRUB_TOM,D,05/01/22,00:00:00,12.2180000,12.2180000,11.8172000,12.0325000,5442000
CNYRUB_TOM,D,06/01/22,00:00:00,12.0450000,12.2100000,11.8700000,11.9350000,44281000
CNYRUB_TOM,D,07/01/22,00:00:00,11.9225000,11.9651000,11.7601000,11.8375000,1497000
CNYRUB_TOM,D,10/01/22,00:00:00,11.8250000,11.8443000,11.7291000,11.7750000,71193000
CNYRUB_TOM,D,11/01/22,00:00:00,11.7474000,11.7556000,11.6725000,11.6725000,123897000
CNYRUB_TOM,D,12/01/22,00:00:00,11.6924000,11.7724000,11.6640000,11.7502000,140130000
CNYRUB_TOM,D,13/01/22,00:00:00,11.7349000,12.0260000,11.7054000,12.0000000,214005000
CNYRUB_TOM,D,14/01/22,00:00:00,12.0000000,12.1500000,11.6387000,11.9950000,228654000
CNYRUB_TOM,D,17/01/22,00:00:00,12.0074000,12.0825000,11.9100000,11.9925000,83759000
CNYRUB_TOM,D,18/01/22,00:00:00,12.0174000,12.1075000,11.9801000,12.1075000,61277000
CNYRUB_TOM,D,19/01/22,00:00:00,12.1201000,12.1413000,11.9475000,12.0000000,82772000
CNYRUB_TOM,D,20/01/22,00:00:00,12.0049000,12.0999000,11.9826000,12.0725000,73612000
CNYRUB_TOM,D,21/01/22,00:00:00,12.1174000,12.2274000,12.0250000,12.2125000,57426000
CNYRUB_TOM,D,24/01/22,00:00:00,12.1726000,12.5534000,12.1471000,12.4400000,220883000
CNYRUB_TOM,D,25/01/22,00:00:00,12.8359000,12.8390000,12.2680000,12.4225000,268864000
CNYRUB_TOM,D,26/01/22,00:00:00,12.4499000,12.6924000,12.4174000,12.5555000,139548000
CNYRUB_TOM,D,27/01/22,00:00:00,12.5450000,12.5608000,12.1600000,12.2650000,99009000
CNYRUB_TOM,D,28/01/22,00:00:00,12.2725000,12.3199000,12.1763000,12.2375000,144537000
CNYRUB_TOM,D,31/01/22,00:00:00,12.2124000,12.2124000,12.1008000,12.1675000,165769000
CNYRUB_TOM,D,01/02/22,00:00:00,12.1200000,12.1550000,12.0100000,12.0725000,63615000
CNYRUB_TOM,D,02/02/22,00:00:00,12.0475000,12.0599000,11.9076000,11.9700000,84965000
CNYRUB_TOM,D,03/02/22,00:00:00,11.9974000,12.0949000,11.9860000,12.0400000,141771000
CNYRUB_TOM,D,04/02/22,00:00:00,12.2899000,12.2899000,11.9000000,11.9200000,99817000
CNYRUB_TOM,D,07/02/22,00:00:00,11.9649000,11.9649000,11.8481000,11.8725000,64211000
CNYRUB_TOM,D,08/02/22,00:00:00,11.8799000,11.8799000,11.7700000,11.7850000,46686000
CNYRUB_TOM,D,09/02/22,00:00:00,11.8049000,11.8049000,11.7076000,11.7400000,113548000
CNYRUB_TOM,D,10/02/22,00:00:00,11.7624000,11.7949000,11.6876000,11.7800000,165947000
CNYRUB_TOM,D,11/02/22,00:00:00,11.8076000,12.1825000,11.7600000,12.1150000,157140000
CNYRUB_TOM,D,14/02/22,00:00:00,12.1999000,12.3421000,11.9500000,12.0850000,196435000
CNYRUB_TOM,D,15/02/22,00:00:00,12.0151000,12.0875000,11.8480000,11.9125000,165792000
CNYRUB_TOM,D,16/02/22,00:00:00,11.8651000,11.9000000,11.8083000,11.8824000,74980000
CNYRUB_TOM,D,17/02/22,00:00:00,11.9450000,12.1081000,11.9300000,12.0650000,122642000
CNYRUB_TOM,D,18/02/22,00:00:00,11.9876000,12.2449000,11.9626000,12.2250000,72417000
CNYRUB_TOM,D,21/02/22,00:00:00,12.4297000,12.6615000,12.0550000,12.6175000,220615000
CNYRUB_TOM,D,22/02/22,00:00:00,12.5001000,12.7683000,12.4151000,12.4450000,212704000
CNYRUB_TOM,D,23/02/22,00:00:00,12.4624000,12.8974000,12.4201000,12.8225000,9399000
CNYRUB_TOM,D,24/02/22,00:00:00,12.9900000,15.3373000,12.9000000,15.3373000,50115000
CNYRUB_TOM,D,25/02/22,00:00:00,13.7500000,16.1999000,12.5000000,13.6071000,77040000
CNYRUB_TOM,D,28/02/22,00:00:00,14.3999000,17.4705000,14.3999000,16.5010000,80920000
CNYRUB_TOM,D,01/03/22,00:00:00,16.7000000,17.5000000,14.5500000,16.7000000,68263000
CNYRUB_TOM,D,02/03/22,00:00:00,17.7725000,17.9330000,15.7725000,17.5200000,106770000
CNYRUB_TOM,D,03/03/22,00:00:00,18.9199000,19.1374000,16.9870000,19.0000000,419330000
CNYRUB_TOM,D,04/03/22,00:00:00,19.0000000,20.5000000,18.5069000,20.0200000,318348000
CNYRUB_TOM,D,09/03/22,00:00:00,21.3500000,23.0126000,20.1500000,21.3999000,400660000
CNYRUB_TOM,D,10/03/22,00:00:00,22.0000000,22.2899000,19.5965000,20.1318000,357511000
CNYRUB_TOM,D,11/03/22,00:00:00,20.9000000,20.9169000,18.4594000,18.9200000,385446000
CNYRUB_TOM,D,14/03/22,00:00:00,20.0000000,20.0000000,17.4278000,17.9000000,681809000
CNYRUB_TOM,D,15/03/22,00:00:00,19.1853000,19.1853000,17.0100000,17.7550000,358094000
CNYRUB_TOM,D,16/03/22,00:00:00,17.7000000,18.4399000,16.9001000,17.8500000,499305000
CNYRUB_TOM,D,17/03/22,00:00:00,17.8500000,18.0000000,16.5000000,16.5160000,597923000
CNYRUB_TOM,D,18/03/22,00:00:00,16.8200000,17.3800000,16.2100000,16.6127000,584893000
CNYRUB_TOM,D,21/03/22,00:00:00,16.8270000,16.9727000,16.4000000,16.4082000,724910000
CNYRUB_TOM,D,22/03/22,00:00:00,16.4082000,16.5881000,16.3101000,16.3800000,533360000
CNYRUB_TOM,D,23/03/22,00:00:00,16.4000000,16.5570000,15.5500000,15.6000000,807477000
CNYRUB_TOM,D,24/03/22,00:00:00,15.4000000,15.9699000,14.9200000,15.2990000,922810000
CNYRUB_TOM,D,25/03/22,00:00:00,15.4700000,15.5512000,14.7060000,15.4680000,570119000
CNYRUB_TOM,D,28/03/22,00:00:00,15.4900000,15.6730000,14.7002000,14.8101000,682429000
CNYRUB_TOM,D,29/03/22,00:00:00,14.8134000,15.0696000,13.0500000,13.6900000,1069312000
CNYRUB_TOM,D,30/03/22,00:00:00,13.7105000,14.1700000,13.2210000,13.4700000,1010998000
CNYRUB_TOM,D,31/03/22,00:00:00,13.4700000,13.6000000,13.1500000,13.4096000,710739000
CNYRUB_TOM,D,01/04/22,00:00:00,13.4096000,13.4879000,13.1500000,13.3500000,1057287000
CNYRUB_TOM,D,04/04/22,00:00:00,13.2501000,13.4960000,13.2010000,13.3400000,677711000
CNYRUB_TOM,D,05/04/22,00:00:00,13.3560000,13.4000000,13.1500000,13.3055000,702932000
CNYRUB_TOM,D,06/04/22,00:00:00,13.3390000,13.4500000,12.9690000,13.0790000,946204000
CNYRUB_TOM,D,07/04/22,00:00:00,13.0790000,13.1150000,12.0401000,12.4400000,1333005000
CNYRUB_TOM,D,08/04/22,00:00:00,12.4405000,12.5932000,11.8620000,12.2300000,1486623000
CNYRUB_TOM,D,11/04/22,00:00:00,12.8800000,13.2399000,12.3825000,12.5450000,1994876000
CNYRUB_TOM,D,12/04/22,00:00:00,12.5450000,12.6820000,12.4001000,12.5301000,989659000
CNYRUB_TOM,D,13/04/22,00:00:00,12.5500000,12.7440000,12.4500000,12.7368000,771124000
CNYRUB_TOM,D,14/04/22,00:00:00,12.7300000,13.0959000,12.5333000,12.7290000,1329319000
CNYRUB_TOM,D,15/04/22,00:00:00,12.7700000,12.8175000,12.5510000,12.7180000,935654000
CNYRUB_TOM,D,18/04/22,00:00:00,12.7500000,12.8550000,12.4510000,12.6150000,1186977000
CNYRUB_TOM,D,19/04/22,00:00:00,12.6150000,12.6339000,12.2550000,12.3100000,1009024000
CNYRUB_TOM,D,20/04/22,00:00:00,12.3087000,12.3087000,11.9600000,12.1200000,1221229000
CNYRUB_TOM,D,21/04/22,00:00:00,12.0210000,12.1400000,11.5140000,11.9300000,1262588000
CNYRUB_TOM,D,22/04/22,00:00:00,11.9000000,11.9300000,11.2050000,11.6000000,1270134000
CNYRUB_TOM,D,25/04/22,00:00:00,11.6220000,11.6500000,11.0800000,11.2399000,996851000
CNYRUB_TOM,D,26/04/22,00:00:00,11.2399000,11.2910000,11.0200000,11.1216000,1145281000
CNYRUB_TOM,D,27/04/22,00:00:00,11.1276000,11.2100000,11.0425000,11.1450000,848616000
CNYRUB_TOM,D,28/04/22,00:00:00,11.1311000,11.2878000,10.8616000,11.1500000,1245100000
CNYRUB_TOM,D,29/04/22,00:00:00,11.0500000,11.1059000,10.6790000,10.8600000,1392325000
CNYRUB_TOM,D,04/05/22,00:00:00,10.7225000,10.7313000,10.0181000,10.0409000,1506828000
CNYRUB_TOM,D,05/05/22,00:00:00,10.0000000,10.3980000,9.9100000,10.2352000,1425898000
CNYRUB_TOM,D,06/05/22,00:00:00,10.2300000,10.6500000,9.9100000,10.5001000,1464369000
CNYRUB_TOM,D,11/05/22,00:00:00,9.7192000,10.5240000,9.7192000,10.0600000,1809562000
CNYRUB_TOM,D,12/05/22,00:00:00,10.0460000,10.1000000,9.3360000,9.3360000,1454754000
CNYRUB_TOM,D,13/05/22,00:00:00,9.4154000,9.6500000,9.1500000,9.5500000,1101627000
CNYRUB_TOM,D,16/05/22,00:00:00,9.5000000,9.5596000,9.2500000,9.4680000,1176868000
CNYRUB_TOM,D,17/05/22,00:00:00,9.4620000,9.5880000,9.3600000,9.5849000,926861000
CNYRUB_TOM,D,18/05/22,00:00:00,9.5800000,9.6000000,9.3115000,9.3975000,1432912000
CNYRUB_TOM,D,19/05/22,00:00:00,9.4100000,9.4200000,9.1300000,9.1750000,1494042000
CNYRUB_TOM,D,20/05/22,00:00:00,9.1702000,9.2500000,8.6695000,8.9298000,2786315000
CNYRUB_TOM,D,23/05/22,00:00:00,8.9303000,8.9886000,8.6928000,8.7500000,1542435000
CNYRUB_TOM,D,24/05/22,00:00:00,8.7811000,8.8500000,8.5800000,8.6320000,1656060000
CNYRUB_TOM,D,25/05/22,00:00:00,8.6550000,9.4740000,8.4061000,9.4007000,2306682000
CNYRUB_TOM,D,26/05/22,00:00:00,9.4300000,10.3133000,9.2125000,9.8910000,2454911000
CNYRUB_TOM,D,27/05/22,00:00:00,9.8999000,10.3795000,9.8115000,10.0479000,3330652000
CNYRUB_TOM,D,30/05/22,00:00:00,10.0100000,10.1936000,9.3551000,9.4744000,2038122000
CNYRUB_TOM,D,31/05/22,00:00:00,9.5390000,9.6800000,9.2000000,9.4700000,2123796000
CNYRUB_TOM,D,01/06/22,00:00:00,9.4650000,9.5519000,9.2800000,9.3060000,1283095000
CNYRUB_TOM,D,02/06/22,00:00:00,9.3299000,9.4400000,9.2523000,9.3401000,1062191000
CNYRUB_TOM,D,03/06/22,00:00:00,9.3900000,9.5025000,9.3340000,9.3941000,2091106000
CNYRUB_TOM,D,06/06/22,00:00:00,9.4050000,9.4850000,9.2513000,9.3214000,1869962000
CNYRUB_TOM,D,07/06/22,00:00:00,9.3214000,9.3975000,9.2140000,9.3081000,1230195000
CNYRUB_TOM,D,08/06/22,00:00:00,9.3367000,9.3797000,9.1500000,9.2497000,1915917000
CNYRUB_TOM,D,09/06/22,00:00:00,9.2020000,9.3467000,8.8800000,9.1114000,2214745000
CNYRUB_TOM,D,10/06/22,00:00:00,9.1090000,9.1990000,8.5290000,8.7770000,2154676000
CNYRUB_TOM,D,14/06/22,00:00:00,8.7500000,8.8770000,8.3130000,8.5200000,3553317000
CNYRUB_TOM,D,15/06/22,00:00:00,8.5211000,8.6700000,8.4657000,8.6200000,2645851000
CNYRUB_TOM,D,16/06/22,00:00:00,8.6706000,8.7097000,8.4960000,8.6265000,2003603000
CNYRUB_TOM,D,17/06/22,00:00:00,8.6265000,8.6746000,8.4300000,8.4300000,3013693000
CNYRUB_TOM,D,20/06/22,00:00:00,8.4700000,8.5447000,8.3900000,8.4390000,2431893000
CNYRUB_TOM,D,21/06/22,00:00:00,8.4400000,8.4639000,8.1135000,8.1290000,2844650000
CNYRUB_TOM,D,22/06/22,00:00:00,8.1310000,8.1504000,7.9282000,8.0350000,3190451000
CNYRUB_TOM,D,23/06/22,00:00:00,8.0350000,8.0920000,7.9305000,8.0186000,3024731000
CNYRUB_TOM,D,24/06/22,00:00:00,8.0200000,8.1784000,7.9750000,8.1634000,3072796000
CNYRUB_TOM,D,27/06/22,00:00:00,8.1635000,8.3174000,7.9670000,8.0501000,2689979000
CNYRUB_TOM,D,28/06/22,00:00:00,8.0800000,8.0900000,7.7675000,7.8300000,3210483000
CNYRUB_TOM,D,29/06/22,00:00:00,7.8280000,8.2277000,7.5011000,8.2031000,4111697000
CNYRUB_TOM,D,30/06/22,00:00:00,8.2102000,8.4890000,7.9120000,7.9901000,4201105000
CNYRUB_TOM,D,01/07/22,00:00:00,8.0142000,9.0100000,7.9300000,8.7511000,3835216000
CNYRUB_TOM,D,04/07/22,00:00:00,8.7900000,9.0440000,8.4500000,8.6750000,3858607000
CNYRUB_TOM,D,05/07/22,00:00:00,8.6780000,9.4750000,8.6064000,9.3999000,4905399000
CNYRUB_TOM,D,06/07/22,00:00:00,9.4000000,9.8421000,9.3811000,9.7485000,3916780000
CNYRUB_TOM,D,07/07/22,00:00:00,9.7485000,9.8900000,9.3641000,9.5355000,3269918000
CNYRUB_TOM,D,08/07/22,00:00:00,9.5350000,9.5350000,9.1900000,9.2762000,2635806000
CNYRUB_TOM,D,11/07/22,00:00:00,9.2100000,9.2887000,8.8550000,8.9020000,3286403000
CNYRUB_TOM,D,12/07/22,00:00:00,8.8995000,8.9096000,8.5060000,8.8418000,3435596000
CNYRUB_TOM,D,13/07/22,00:00:00,8.8600000,8.8950000,8.6202000,8.7052000,4072224000
CNYRUB_TOM,D,14/07/22,00:00:00,8.7000000,8.7390000,8.5415000,8.6563000,2906043000
CNYRUB_TOM,D,15/07/22,00:00:00,8.6500000,8.8150000,8.4300000,8.5901000,3534447000
CNYRUB_TOM,D,18/07/22,00:00:00,8.6000000,8.6285000,8.3551000,8.4400000,3239573000
CNYRUB_TOM,D,19/07/22,00:00:00,8.4393000,8.4393000,8.1518000,8.3000000,4182186000
CNYRUB_TOM,D,20/07/22,00:00:00,8.2700000,8.2700000,8.1111000,8.1500000,4123791000
CNYRUB_TOM,D,21/07/22,00:00:00,8.1400000,8.7186000,8.1040000,8.5200000,6660744000
CNYRUB_TOM,D,22/07/22,00:00:00,8.5240000,8.7789000,8.4611000,8.5837000,6147751000
CNYRUB_TOM,D,25/07/22,00:00:00,8.5840000,8.7190000,8.5439000,8.6894000,7781002000
CNYRUB_TOM,D,26/07/22,00:00:00,8.6952000,9.2370000,8.6952000,9.2000000,7576102000
CNYRUB_TOM,D,27/07/22,00:00:00,9.2300000,9.2630000,8.8780000,8.9971000,7816714000
CNYRUB_TOM,D,28/07/22,00:00:00,8.9800000,9.1898000,8.9002000,9.1401000,6839247000
CNYRUB_TOM,D,29/07/22,00:00:00,9.1251000,9.3661000,9.0802000,9.3299000,6465401000
CNYRUB_TOM,D,01/08/22,00:00:00,9.2700000,9.4580000,8.8070000,9.0330000,7447767000
CNYRUB_TOM,D,02/08/22,00:00:00,8.9760000,9.0480000,8.8520000,8.9700000,6579451000
CNYRUB_TOM,D,03/08/22,00:00:00,8.9800000,9.0450000,8.8520000,8.9860000,5657970000
CNYRUB_TOM,D,04/08/22,00:00:00,9.0200000,9.0630000,8.8890000,8.9400000,5923497000
CNYRUB_TOM,D,05/08/22,00:00:00,8.9500000,9.0740000,8.9060000,9.0520000,7951826000
CNYRUB_TOM,D,08/08/22,00:00:00,9.0290000,9.0890000,8.8880000,9.0270000,7084190000
CNYRUB_TOM,D,09/08/22,00:00:00,9.0280000,9.0410000,8.9120000,8.9240000,6593271000
CNYRUB_TOM,D,10/08/22,00:00:00,8.9200000,9.0950000,8.9040000,9.0900000,6041806000
CNYRUB_TOM,D,11/08/22,00:00:00,9.0700000,9.0760000,8.9880000,9.0260000,6335030000
CNYRUB_TOM,D,12/08/22,00:00:00,9.0400000,9.0670000,8.9500000,8.9950000,6263245000
CNYRUB_TOM,D,15/08/22,00:00:00,8.9830000,9.0900000,8.9510000,9.0300000,5694790000
CNYRUB_TOM,D,16/08/22,00:00:00,9.0380000,9.0650000,8.9240000,8.9700000,7385937000
CNYRUB_TOM,D,17/08/22,00:00:00,8.9700000,9.0200000,8.8160000,8.9010000,6235905000
CNYRUB_TOM,D,18/08/22,00:00:00,8.9100000,8.9260000,8.6800000,8.7560000,8035209000
CNYRUB_TOM,D,19/08/22,00:00:00,8.7470000,8.7590000,8.5340000,8.6100000,6731122000
CNYRUB_TOM,D,22/08/22,00:00:00,8.6500000,8.7800000,8.6200000,8.7110000,5929032000
CNYRUB_TOM,D,23/08/22,00:00:00,8.7150000,8.7870000,8.6800000,8.7200000,6250408000
CNYRUB_TOM,D,24/08/22,00:00:00,8.7350000,8.7600000,8.6950000,8.7480000,6404964000
CNYRUB_TOM,D,25/08/22,00:00:00,8.7470000,8.7680000,8.7000000,8.7550000,5395925000
CNYRUB_TOM,D,26/08/22,00:00:00,8.7620000,8.7690000,8.7200000,8.7650000,4671186000
CNYRUB_TOM,D,29/08/22,00:00:00,8.7600000,8.7630000,8.7000000,8.7260000,4583952000
CNYRUB_TOM,D,30/08/22,00:00:00,8.7300000,8.7550000,8.6520000,8.6750000,4681889000
CNYRUB_TOM,D,31/08/22,00:00:00,8.6000000,8.7820000,8.6000000,8.7200000,5939741000
CNYRUB_TOM,D,01/09/22,00:00:00,8.7300000,8.7560000,8.6980000,8.7270000,3268036000
CNYRUB_TOM,D,02/09/22,00:00:00,8.7310000,8.8250000,8.7280000,8.8050000,4478311000
CNYRUB_TOM,D,05/09/22,00:00:00,8.8170000,8.8540000,8.7170000,8.7380000,3727124000
CNYRUB_TOM,D,06/09/22,00:00:00,8.7400000,8.7740000,8.7130000,8.7650000,4739958000
CNYRUB_TOM,D,07/09/22,00:00:00,8.7670000,8.8090000,8.7280000,8.7320000,4252468000
CNYRUB_TOM,D,08/09/22,00:00:00,8.7520000,8.7750000,8.7140000,8.7310000,3781038000
CNYRUB_TOM,D,09/09/22,00:00:00,8.7300000,8.7500000,8.6970000,8.7230000,3206048000
CNYRUB_TOM,D,12/09/22,00:00:00,8.7230000,8.7600000,8.7000000,8.7130000,4634553000
CNYRUB_TOM,D,13/09/22,00:00:00,8.7130000,8.7440000,8.5560000,8.5950000,5325623000
CNYRUB_TOM,D,14/09/22,00:00:00,8.6100000,8.6180000,8.5460000,8.5880000,5382457000
CNYRUB_TOM,D,15/09/22,00:00:00,8.5870000,8.5990000,8.5120000,8.5710000,4989572000
CNYRUB_TOM,D,16/09/22,00:00:00,8.5750000,8.5800000,8.5220000,8.5460000,4724081000
CNYRUB_TOM,D,19/09/22,00:00:00,8.5520000,8.6330000,8.5250000,8.5590000,6377397000
CNYRUB_TOM,D,20/09/22,00:00:00,8.5660000,8.6480000,8.5250000,8.6450000,8365835000
CNYRUB_TOM,D,21/09/22,00:00:00,8.6480000,8.8500000,8.5330000,8.5770000,10529386000
CNYRUB_TOM,D,22/09/22,00:00:00,8.5770000,8.6360000,8.2740000,8.3030000,10288918000
CNYRUB_TOM,D,23/09/22,00:00:00,8.3030000,8.4010000,7.9400000,8.0920000,13124891000
CNYRUB_TOM,D,26/09/22,00:00:00,8.0900000,8.1870000,8.0010000,8.1200000,10680419000
CNYRUB_TOM,D,27/09/22,00:00:00,8.1200000,8.1920000,8.0800000,8.1550000,9427736000
CNYRUB_TOM,D,28/09/22,00:00:00,8.1560000,8.1790000,7.9750000,8.0230000,9247729000
CNYRUB_TOM,D,29/09/22,00:00:00,8.0390000,8.1640000,7.9120000,8.1200000,12065381000
CNYRUB_TOM,D,30/09/22,00:00:00,8.1210000,8.5450000,8.0170000,8.3410000,12213307000
CNYRUB_TOM,D,03/10/22,00:00:00,8.3550000,8.4540000,8.0160000,8.2680000,8611154000
CNYRUB_TOM,D,04/10/22,00:00:00,8.2810000,8.3280000,8.1550000,8.1990000,7791399000
CNYRUB_TOM,D,05/10/22,00:00:00,8.2000000,8.5890000,8.1490000,8.5750000,6962898000
CNYRUB_TOM,D,06/10/22,00:00:00,8.5530000,8.6800000,8.5020000,8.5550000,8221521000
CNYRUB_TOM,D,07/10/22,00:00:00,8.5600000,8.6570000,8.4930000,8.4970000,9987489000
CNYRUB_TOM,D,10/10/22,00:00:00,8.5500000,8.7000000,8.5200000,8.6570000,10729886000
CNYRUB_TOM,D,11/10/22,00:00:00,8.6250000,8.8000000,8.6250000,8.6830000,9718262000
CNYRUB_TOM,D,12/10/22,00:00:00,8.6990000,8.8540000,8.5580000,8.6830000,13633488000
CNYRUB_TOM,D,13/10/22,00:00:00,8.6890000,8.7620000,8.6600000,8.6850000,9313274000
CNYRUB_TOM,D,14/10/22,00:00:00,8.6940000,8.7370000,8.5820000,8.6020000,8701965000
CNYRUB_TOM,D,17/10/22,00:00:00,8.6010000,8.6270000,8.4610000,8.5330000,8484720000
CNYRUB_TOM,D,18/10/22,00:00:00,8.5330000,8.5740000,8.4740000,8.5050000,7467515000
CNYRUB_TOM,D,19/10/22,00:00:00,8.5050000,8.5250000,8.4070000,8.4620000,6670435000
CNYRUB_TOM,D,20/10/22,00:00:00,8.4650000,8.4800000,8.4020000,8.4380000,8524053000
CNYRUB_TOM,D,21/10/22,00:00:00,8.4160000,8.4370000,8.2900000,8.3090000,10424249000
CNYRUB_TOM,D,24/10/22,00:00:00,8.3090000,8.3650000,8.2940000,8.3320000,9389008000
CNYRUB_TOM,D,25/10/22,00:00:00,8.3300000,8.4170000,8.2950000,8.4070000,8496368000
CNYRUB_TOM,D,26/10/22,00:00:00,8.4150000,8.5100000,8.4100000,8.5000000,7862781000
CNYRUB_TOM,D,27/10/22,00:00:00,8.4990000,8.5120000,8.3930000,8.4700000,7232027000
CNYRUB_TOM,D,28/10/22,00:00:00,8.4600000,8.4800000,8.3730000,8.4030000,9626135000
CNYRUB_TOM,D,31/10/22,00:00:00,8.4300000,8.4490000,8.3430000,8.3850000,7398412000
CNYRUB_TOM,D,01/11/22,00:00:00,8.3800000,8.4300000,8.3710000,8.3970000,6115305000
CNYRUB_TOM,D,02/11/22,00:00:00,8.4180000,8.4410000,8.3910000,8.4140000,7081617000
CNYRUB_TOM,D,03/11/22,00:00:00,8.4140000,8.4750000,8.3920000,8.4070000,8984880000
CNYRUB_TOM,D,07/11/22,00:00:00,8.4330000,8.4700000,8.4100000,8.4170000,9732550000
CNYRUB_TOM,D,08/11/22,00:00:00,8.4200000,8.4290000,8.3430000,8.3720000,8263091000
CNYRUB_TOM,D,09/11/22,00:00:00,8.3450000,8.4700000,8.3450000,8.4540000,8126619000
CNYRUB_TOM,D,10/11/22,00:00:00,8.4460000,8.4880000,8.3460000,8.3910000,6934097000
CNYRUB_TOM,D,11/11/22,00:00:00,8.3910000,8.4800000,8.3850000,8.4730000,8160024000
CNYRUB_TOM,D,14/11/22,00:00:00,8.5090000,8.5700000,8.5000000,8.5340000,6770317000
CNYRUB_TOM,D,15/11/22,00:00:00,8.5400000,8.5720000,8.4980000,8.5500000,10863785000
CNYRUB_TOM,D,16/11/22,00:00:00,8.5510000,8.5900000,8.4630000,8.4930000,5370096000
CNYRUB_TOM,D,17/11/22,00:00:00,8.4860000,8.4860000,8.4260000,8.4530000,5304651000
CNYRUB_TOM,D,18/11/22,00:00:00,8.4600000,8.5040000,8.4540000,8.4900000,3972276000
CNYRUB_TOM,D,21/11/22,00:00:00,8.4730000,8.4980000,8.4550000,8.4700000,5143046000
CNYRUB_TOM,D,22/11/22,00:00:00,8.4750000,8.4960000,8.4620000,8.4700000,6435027000
CNYRUB_TOM,D,23/11/22,00:00:00,8.4660000,8.4690000,8.4120000,8.4400000,4587702000
CNYRUB_TOM,D,24/11/22,00:00:00,8.4400000,8.4570000,8.4170000,8.4490000,6712940000
CNYRUB_TOM,D,25/11/22,00:00:00,8.4490000,8.4490000,8.4140000,8.4150000,4912009000
CNYRUB_TOM,D,28/11/22,00:00:00,8.4130000,8.4500000,8.3960000,8.4360000,5527841000
CNYRUB_TOM,D,29/11/22,00:00:00,8.4480000,8.5350000,8.4400000,8.4680000,7933330000
CNYRUB_TOM,D,30/11/22,00:00:00,8.4790000,8.6100000,8.4720000,8.5930000,8601895000
CNYRUB_TOM,D,01/12/22,00:00:00,8.6000000,8.7250000,8.5910000,8.7240000,4414099000
CNYRUB_TOM,D,02/12/22,00:00:00,8.7230000,8.8300000,8.6810000,8.8050000,6281161000
CNYRUB_TOM,D,05/12/22,00:00:00,8.8240000,8.9690000,8.8230000,8.9300000,5766418000
CNYRUB_TOM,D,06/12/22,00:00:00,8.9300000,9.0400000,8.9230000,8.9580000,10604711000
CNYRUB_TOM,D,07/12/22,00:00:00,8.9860000,9.0300000,8.9580000,9.0050000,7535695000
CNYRUB_TOM,D,08/12/22,00:00:00,9.0120000,9.0300000,8.9270000,8.9990000,5254065000
CNYRUB_TOM,D,09/12/22,00:00:00,8.9910000,9.0020000,8.9440000,8.9780000,5787914000
CNYRUB_TOM,D,12/12/22,00:00:00,8.9600000,9.0150000,8.9520000,8.9850000,4867952000
CNYRUB_TOM,D,13/12/22,00:00:00,8.9930000,9.0710000,8.9730000,9.0450000,5079153000
CNYRUB_TOM,D,14/12/22,00:00:00,9.0590000,9.1900000,9.0500000,9.1650000,7541148000
CNYRUB_TOM,D,15/12/22,00:00:00,9.1850000,9.2980000,9.1450000,9.2150000,8472255000
CNYRUB_TOM,D,16/12/22,00:00:00,9.2190000,9.2790000,9.2080000,9.2790000,7165776000
CNYRUB_TOM,D,19/12/22,00:00:00,9.2750000,9.8050000,9.2570000,9.6570000,11778152000
CNYRUB_TOM,D,20/12/22,00:00:00,9.6890000,9.9390000,9.5790000,9.8900000,9686201000
CNYRUB_TOM,D,21/12/22,00:00:00,9.9090000,10.1500000,9.8940000,10.0790000,11469188000
CNYRUB_TOM,D,22/12/22,00:00:00,10.1400000,10.2960000,9.7230000,9.7690000,16033970000
CNYRUB_TOM,D,23/12/22,00:00:00,9.7690000,9.9960000,9.5920000,9.9200000,12140155000
CNYRUB_TOM,D,26/12/22,00:00:00,9.9880000,10.0490000,9.6560000,9.7740000,9874646000
CNYRUB_TOM,D,27/12/22,00:00:00,9.7850000,10.1170000,9.7030000,9.9800000,13304758000
CNYRUB_TOM,D,28/12/22,00:00:00,10.0160000,10.2490000,9.9930000,10.2490000,11088233000
CNYRUB_TOM,D,29/12/22,00:00:00,10.2570000,10.3260000,10.0050000,10.1860000,14735684000
CNYRUB_TOM,D,30/12/22,00:00:00,10.1800000,10.2650000,9.7720000,9.9120000,11906738000
CNYRUB_TOM,D,03/01/23,00:00:00,9.9000000,10.1800000,9.8700000,10.1100000,1775817000
CNYRUB_TOM,D,04/01/23,00:00:00,10.1170000,10.2860000,10.1170000,10.2650000,1442411000
CNYRUB_TOM,D,05/01/23,00:00:00,10.2900000,10.4240000,10.2010000,10.4170000,1744765000
CNYRUB_TOM,D,06/01/23,00:00:00,10.3800000,10.4980000,10.3530000,10.4370000,1158511000
CNYRUB_TOM,D,09/01/23,00:00:00,10.4590000,10.5550000,10.1540000,10.2190000,10321663000
CNYRUB_TOM,D,10/01/23,00:00:00,10.2200000,10.2890000,10.1400000,10.2790000,5763620000
CNYRUB_TOM,D,11/01/23,00:00:00,10.2880000,10.3370000,10.0180000,10.0740000,10220459000
CNYRUB_TOM,D,12/01/23,00:00:00,10.0800000,10.0970000,9.9700000,10.0210000,7493202000
CNYRUB_TOM,D,13/01/23,00:00:00,10.0010000,10.2290000,9.9810000,10.1900000,6680792000
CNYRUB_TOM,D,16/01/23,00:00:00,10.2030000,10.2700000,10.0700000,10.1490000,6374703000
CNYRUB_TOM,D,17/01/23,00:00:00,10.1520000,10.2300000,10.0810000,10.1900000,5946094000
CNYRUB_TOM,D,18/01/23,00:00:00,10.1930000,10.2350000,10.1410000,10.1900000,5753466000
CNYRUB_TOM,D,19/01/23,00:00:00,10.1910000,10.2050000,10.1010000,10.1290000,5919558000
CNYRUB_TOM,D,20/01/23,00:00:00,10.1310000,10.1390000,10.0870000,10.1190000,4965524000
CNYRUB_TOM,D,23/01/23,00:00:00,10.1210000,10.1490000,10.0760000,10.1280000,3572112000
CNYRUB_TOM,D,24/01/23,00:00:00,10.1290000,10.1490000,10.0940000,10.1380000,4169653000
CNYRUB_TOM,D,25/01/23,00:00:00,10.1430000,10.2190000,10.1270000,10.2160000,4469202000
CNYRUB_TOM,D,26/01/23,00:00:00,10.2170000,10.3040000,10.2040000,10.2790000,5837283000
CNYRUB_TOM,D,27/01/23,00:00:00,10.2820000,10.2920000,10.2350000,10.2600000,3785987000
CNYRUB_TOM,D,30/01/23,00:00:00,10.2680000,10.4050000,10.2610000,10.4050000,6152190000
CNYRUB_TOM,D,31/01/23,00:00:00,10.4180000,10.4700000,10.3190000,10.3480000,6576704000
CNYRUB_TOM,D,01/02/23,00:00:00,10.3640000,10.4250000,10.3470000,10.3910000,5318899000
CNYRUB_TOM,D,02/02/23,00:00:00,10.4010000,10.4590000,10.3730000,10.4510000,6667418000
CNYRUB_TOM,D,03/02/23,00:00:00,10.4480000,10.4500000,10.3850000,10.4170000,5176049000
CNYRUB_TOM,D,06/02/23,00:00:00,10.4100000,10.4370000,10.3560000,10.4190000,5522651000
CNYRUB_TOM,D,07/02/23,00:00:00,10.4190000,10.4650000,10.4090000,10.4550000,5822797000
CNYRUB_TOM,D,08/02/23,00:00:00,10.4570000,10.6700000,10.4470000,10.6700000,6244977000
CNYRUB_TOM,D,09/02/23,00:00:00,10.6770000,10.8060000,10.6720000,10.7670000,6277835000
CNYRUB_TOM,D,10/02/23,00:00:00,10.7670000,10.7900000,10.6590000,10.7490000,5749923000
CNYRUB_TOM,D,13/02/23,00:00:00,10.7530000,10.8010000,10.7020000,10.8000000,5665107000
CNYRUB_TOM,D,14/02/23,00:00:00,10.7960000,10.8500000,10.7010000,10.8030000,6101232000
CNYRUB_TOM,D,15/02/23,00:00:00,10.8030000,10.9050000,10.7680000,10.8700000,7056692000
CNYRUB_TOM,D,16/02/23,00:00:00,10.8750000,10.9190000,10.8490000,10.8750000,6088589000
CNYRUB_TOM,D,17/02/23,00:00:00,10.8750000,10.9130000,10.7340000,10.7600000,10410546000
CNYRUB_TOM,D,20/02/23,00:00:00,10.7500000,10.9150000,10.7020000,10.8700000,9427192000
CNYRUB_TOM,D,21/02/23,00:00:00,10.8700000,10.9260000,10.7990000,10.8500000,10509457000
CNYRUB_TOM,D,22/02/23,00:00:00,10.8500000,10.9200000,10.8000000,10.9030000,12892362000
CNYRUB_TOM,D,24/02/23,00:00:00,10.8900000,11.0110000,10.8250000,10.9650000,2015991000
CNYRUB_TOM,D,27/02/23,00:00:00,10.9410000,10.9820000,10.6700000,10.7100000,12143169000
CNYRUB_TOM,D,28/02/23,00:00:00,10.7100000,10.8040000,10.6170000,10.7800000,9223933000
CNYRUB_TOM,D,01/03/23,00:00:00,10.7820000,10.9390000,10.7820000,10.9090000,9717179000
CNYRUB_TOM,D,02/03/23,00:00:00,10.8990000,10.9450000,10.8450000,10.8650000,6279391000
CNYRUB_TOM,D,03/03/23,00:00:00,10.8800000,10.9380000,10.8720000,10.9260000,4980473000
CNYRUB_TOM,D,06/03/23,00:00:00,10.9240000,10.9790000,10.8200000,10.8550000,7192376000
CNYRUB_TOM,D,07/03/23,00:00:00,10.8470000,10.8780000,10.8240000,10.8750000,5386653000
CNYRUB_TOM,D,09/03/23,00:00:00,10.8920000,10.9170000,10.8270000,10.8560000,7533673000
CNYRUB_TOM,D,10/03/23,00:00:00,10.8660000,10.9660000,10.8550000,10.9650000,5474962000
CNYRUB_TOM,D,13/03/23,00:00:00,10.9770000,11.0200000,10.8660000,10.9270000,8945145000
CNYRUB_TOM,D,14/03/23,00:00:00,10.9340000,10.9590000,10.9010000,10.9370000,5817263000
CNYRUB_TOM,D,15/03/23,00:00:00,10.9450000,11.0120000,10.9190000,11.0000000,7112747000
CNYRUB_TOM,D,16/03/23,00:00:00,11.0010000,11.2070000,10.9920000,11.0900000,10122672000
CNYRUB_TOM,D,17/03/23,00:00:00,11.0900000,11.1930000,11.0680000,11.1900000,6831108000
CNYRUB_TOM,D,20/03/23,00:00:00,11.1990000,11.2980000,11.1150000,11.1900000,10359796000
CNYRUB_TOM,D,21/03/23,00:00:00,11.1940000,11.2430000,11.1350000,11.1610000,9059318000
CNYRUB_TOM,D,22/03/23,00:00:00,11.1600000,11.1950000,11.1210000,11.1850000,10098664000
CNYRUB_TOM,D,23/03/23,00:00:00,11.1950000,11.2480000,11.0590000,11.1050000,12527791000
CNYRUB_TOM,D,24/03/23,00:00:00,11.0730000,11.1470000,11.0720000,11.1390000,10813106000
CNYRUB_TOM,D,27/03/23,00:00:00,11.1400000,11.1810000,11.0890000,11.1130000,9678098000
CNYRUB_TOM,D,28/03/23,00:00:00,11.1130000,11.1750000,11.0730000,11.1730000,10449344000
CNYRUB_TOM,D,29/03/23,00:00:00,11.1700000,11.2010000,11.1300000,11.2000000,6938206000
CNYRUB_TOM,D,30/03/23,00:00:00,11.2010000,11.2230000,11.1510000,11.1920000,9604262000
CNYRUB_TOM,D,31/03/23,00:00:00,11.1920000,11.3400000,11.1830000,11.2810000,6064204000
CNYRUB_TOM,D,03/04/23,00:00:00,11.2400000,11.4470000,11.2100000,11.4280000,6224919000
CNYRUB_TOM,D,04/04/23,00:00:00,11.4420000,11.5720000,11.4260000,11.5030000,8806625000
CNYRUB_TOM,D,05/04/23,00:00:00,11.5190000,11.5830000,11.4870000,11.5780000,6886795000
CNYRUB_TOM,D,06/04/23,00:00:00,11.5900000,11.8090000,11.5720000,11.8000000,9050892000
CNYRUB_TOM,D,07/04/23,00:00:00,11.8100000,12.1390000,11.7330000,11.8120000,14106604000
CNYRUB_TOM,D,10/04/23,00:00:00,11.8100000,11.9320000,11.7660000,11.8490000,8040724000
CNYRUB_TOM,D,11/04/23,00:00:00,11.8110000,11.9820000,11.8110000,11.9090000,5703685000
CNYRUB_TOM,D,12/04/23,00:00:00,11.9230000,11.9620000,11.8600000,11.8850000,6588397000
CNYRUB_TOM,D,13/04/23,00:00:00,11.8930000,11.9100000,11.8130000,11.8550000,7862920000
CNYRUB_TOM,D,14/04/23,00:00:00,11.8850000,11.9000000,11.8540000,11.8960000,6855682000
CNYRUB_TOM,D,17/04/23,00:00:00,11.8900000,11.9530000,11.7920000,11.8140000,8101394000
CNYRUB_TOM,D,18/04/23,00:00:00,11.8150000,11.8960000,11.7850000,11.8440000,6399400000
CNYRUB_TOM,D,19/04/23,00:00:00,11.8530000,11.8890000,11.7960000,11.8550000,6142118000
CNYRUB_TOM,D,20/04/23,00:00:00,11.8550000,11.8680000,11.8060000,11.8240000,7476042000
CNYRUB_TOM,D,21/04/23,00:00:00,11.8360000,11.8470000,11.7780000,11.8190000,6543139000
CNYRUB_TOM,D,24/04/23,00:00:00,11.8000000,11.8320000,11.7110000,11.7720000,6827100000
CNYRUB_TOM,D,25/04/23,00:00:00,11.7700000,11.8600000,11.7400000,11.7570000,6789491000
CNYRUB_TOM,D,26/04/23,00:00:00,11.7600000,11.7820000,11.7450000,11.7540000,6924394000
CNYRUB_TOM,D,27/04/23,00:00:00,11.7730000,11.8230000,11.6810000,11.7050000,7460737000
CNYRUB_TOM,D,28/04/23,00:00:00,11.7070000,11.7640000,11.3900000,11.5860000,13947687000
CNYRUB_TOM,D,02/05/23,00:00:00,11.5800000,11.5960000,11.4380000,11.4960000,5578070000
CNYRUB_TOM,D,03/05/23,00:00:00,11.5010000,11.5390000,11.3950000,11.4540000,6038977000
CNYRUB_TOM,D,04/05/23,00:00:00,11.4580000,11.5090000,11.2030000,11.2690000,8081664000
CNYRUB_TOM,D,05/05/23,00:00:00,11.2820000,11.3060000,11.0340000,11.1660000,15199235000
CNYRUB_TOM,D,08/05/23,00:00:00,11.1710000,11.2900000,11.0460000,11.2420000,1454248000
CNYRUB_TOM,D,10/05/23,00:00:00,11.2490000,11.2630000,10.9400000,10.9560000,15529330000
CNYRUB_TOM,D,11/05/23,00:00:00,10.9560000,11.1090000,10.8110000,11.0430000,13320454000
CNYRUB_TOM,D,12/05/23,00:00:00,11.0740000,11.1950000,10.9360000,11.1250000,13452531000
CNYRUB_TOM,D,15/05/23,00:00:00,11.1490000,11.4100000,11.1370000,11.3790000,9443458000
CNYRUB_TOM,D,16/05/23,00:00:00,11.3820000,11.5140000,11.3800000,11.4890000,7361979000
CNYRUB_TOM,D,17/05/23,00:00:00,11.5100000,11.5500000,11.3600000,11.3960000,9317931000
CNYRUB_TOM,D,18/05/23,00:00:00,11.3700000,11.4400000,11.2750000,11.4040000,9254129000
CNYRUB_TOM,D,19/05/23,00:00:00,11.4050000,11.4350000,11.3240000,11.3720000,10359635000
CNYRUB_TOM,D,22/05/23,00:00:00,11.3440000,11.3710000,11.3200000,11.3710000,7451185000
CNYRUB_TOM,D,23/05/23,00:00:00,11.3710000,11.4220000,11.2830000,11.3350000,8093770000
CNYRUB_TOM,D,24/05/23,00:00:00,11.3310000,11.3600000,11.2950000,11.3250000,7300101000
CNYRUB_TOM,D,25/05/23,00:00:00,11.3250000,11.3440000,11.2510000,11.3270000,8024744000
CNYRUB_TOM,D,26/05/23,00:00:00,11.3270000,11.3400000,11.2860000,11.3030000,6798562000
CNYRUB_TOM,D,29/05/23,00:00:00,11.2900000,11.4340000,11.2740000,11.3890000,8233629000
CNYRUB_TOM,D,30/05/23,00:00:00,11.3910000,11.4450000,11.2750000,11.4270000,8133186000
CNYRUB_TOM,D,31/05/23,00:00:00,11.4030000,11.4170000,11.3340000,11.3790000,6748973000
CNYRUB_TOM,D,01/06/23,00:00:00,11.3700000,11.3940000,11.2930000,11.3490000,6423929000
CNYRUB_TOM,D,02/06/23,00:00:00,11.3510000,11.5000000,11.3510000,11.4720000,7235145000
CNYRUB_TOM,D,05/06/23,00:00:00,11.4760000,11.5080000,11.3450000,11.3680000,6759226000
CNYRUB_TOM,D,06/06/23,00:00:00,11.3690000,11.4340000,11.3360000,11.4120000,10043644000
CNYRUB_TOM,D,07/06/23,00:00:00,11.4120000,11.4870000,11.3850000,11.4780000,7055296000
CNYRUB_TOM,D,08/06/23,00:00:00,11.4830000,11.6140000,11.4550000,11.5960000,8071026000
CNYRUB_TOM,D,09/06/23,00:00:00,11.6180000,11.6580000,11.5090000,11.5600000,9706185000
CNYRUB_TOM,D,13/06/23,00:00:00,11.5700000,11.7390000,11.5450000,11.7350000,10601677000
CNYRUB_TOM,D,14/06/23,00:00:00,11.7410000,11.8520000,11.6830000,11.7410000,11334802000
CNYRUB_TOM,D,15/06/23,00:00:00,11.7400000,11.7980000,11.6280000,11.7280000,9466637000
CNYRUB_TOM,D,16/06/23,00:00:00,11.7200000,11.7870000,11.7080000,11.7650000,10245671000
CNYRUB_TOM,D,19/06/23,00:00:00,11.7700000,11.8080000,11.6800000,11.7290000,7699363000
CNYRUB_TOM,D,20/06/23,00:00:00,11.7290000,11.7720000,11.7020000,11.7650000,7995290000
CNYRUB_TOM,D,21/06/23,00:00:00,11.7660000,11.7840000,11.6180000,11.6480000,8831303000
CNYRUB_TOM,D,22/06/23,00:00:00,11.6600000,11.6920000,11.6010000,11.6500000,8226822000
CNYRUB_TOM,D,23/06/23,00:00:00,11.6500000,11.7520000,11.5720000,11.7090000,9333505000
CNYRUB_TOM,D,26/06/23,00:00:00,11.7750000,12.0590000,11.6270000,11.7300000,12650631000
CNYRUB_TOM,D,27/06/23,00:00:00,11.7410000,11.8140000,11.6830000,11.7880000,10309555000
CNYRUB_TOM,D,28/06/23,00:00:00,11.7880000,11.9000000,11.7370000,11.8990000,9010698000
CNYRUB_TOM,D,29/06/23,00:00:00,11.9000000,12.0580000,11.8540000,12.0570000,11869530000
CNYRUB_TOM,D,30/06/23,00:00:00,12.0500000,12.3500000,12.0300000,12.3320000,11839761000
CNYRUB_TOM,D,03/07/23,00:00:00,12.3350000,12.3420000,12.1700000,12.1820000,10170112000
CNYRUB_TOM,D,04/07/23,00:00:00,12.1810000,12.4690000,12.1670000,12.3340000,10113112000
CNYRUB_TOM,D,05/07/23,00:00:00,12.3340000,12.5660000,12.3340000,12.5410000,10636477000
CNYRUB_TOM,D,06/07/23,00:00:00,12.5500000,12.9190000,12.4570000,12.5800000,18851379000
CNYRUB_TOM,D,07/07/23,00:00:00,12.6290000,12.6970000,12.5290000,12.6480000,8232040000
CNYRUB_TOM,D,10/07/23,00:00:00,12.6480000,12.6990000,12.4700000,12.4840000,9428635000
CNYRUB_TOM,D,11/07/23,00:00:00,12.5180000,12.6200000,12.4390000,12.5000000,11630816000
CNYRUB_TOM,D,12/07/23,00:00:00,12.5100000,12.7060000,12.5060000,12.6960000,10597853000
CNYRUB_TOM,D,13/07/23,00:00:00,12.7020000,12.7460000,12.5110000,12.5910000,9244579000
CNYRUB_TOM,D,14/07/23,00:00:00,12.5910000,12.6420000,12.5590000,12.6200000,6417607000
CNYRUB_TOM,D,17/07/23,00:00:00,12.6270000,12.6740000,12.5700000,12.6740000,6380106000
CNYRUB_TOM,D,18/07/23,00:00:00,12.6740000,12.6970000,12.6110000,12.6270000,7083875000
CNYRUB_TOM,D,19/07/23,00:00:00,12.6220000,12.6790000,12.5820000,12.6470000,5340513000
CNYRUB_TOM,D,20/07/23,00:00:00,12.6650000,12.6970000,12.5570000,12.5750000,10204662000
CNYRUB_TOM,D,21/07/23,00:00:00,12.5850000,12.6300000,12.5250000,12.6160000,7605566000
CNYRUB_TOM,D,24/07/23,00:00:00,12.6250000,12.6340000,12.5150000,12.5750000,10105867000
CNYRUB_TOM,D,25/07/23,00:00:00,12.5830000,12.6490000,12.5580000,12.6330000,11006455000
CNYRUB_TOM,D,26/07/23,00:00:00,12.6230000,12.6330000,12.5570000,12.5820000,7052911000
CNYRUB_TOM,D,27/07/23,00:00:00,12.5910000,12.6440000,12.5720000,12.6440000,7606773000
CNYRUB_TOM,D,28/07/23,00:00:00,12.6440000,12.8080000,12.6270000,12.8000000,8127680000
CNYRUB_TOM,D,31/07/23,00:00:00,12.8150000,12.9300000,12.7310000,12.8080000,7840706000
CNYRUB_TOM,D,01/08/23,00:00:00,12.8200000,12.8440000,12.7510000,12.8380000,7196729000
CNYRUB_TOM,D,02/08/23,00:00:00,12.8550000,13.0770000,12.7910000,13.0690000,8243059000
CNYRUB_TOM,D,03/08/23,00:00:00,13.0690000,13.1590000,12.9600000,13.1170000,9666467000
CNYRUB_TOM,D,04/08/23,00:00:00,13.1230000,13.3790000,13.0910000,13.3330000,9523694000
CNYRUB_TOM,D,07/08/23,00:00:00,13.3320000,13.4700000,13.1750000,13.2400000,13369011000
CNYRUB_TOM,D,08/08/23,00:00:00,13.2300000,13.4480000,13.2100000,13.4190000,7664497000
CNYRUB_TOM,D,09/08/23,00:00:00,13.4430000,13.5680000,13.3890000,13.4320000,9781242000
CNYRUB_TOM,D,10/08/23,00:00:00,13.4320000,13.5480000,13.3600000,13.4650000,9496250000
CNYRUB_TOM,D,11/08/23,00:00:00,13.4850000,13.6970000,13.4260000,13.6950000,10020559000
CNYRUB_TOM,D,14/08/23,00:00:00,13.6990000,13.9600000,13.2790000,13.3900000,16012981000
CNYRUB_TOM,D,15/08/23,00:00:00,13.3260000,13.5550000,13.0290000,13.2540000,15322223000
CNYRUB_TOM,D,16/08/23,00:00:00,13.1800000,13.3230000,12.8650000,12.9020000,12520092000
CNYRUB_TOM,D,17/08/23,00:00:00,12.9300000,13.0100000,12.6220000,12.7740000,15056875000
CNYRUB_TOM,D,18/08/23,00:00:00,12.7740000,12.8520000,12.6580000,12.8270000,10372793000
CNYRUB_TOM,D,21/08/23,00:00:00,12.8270000,12.9330000,12.7010000,12.7990000,12982070000
CNYRUB_TOM,D,22/08/23,00:00:00,12.8090000,12.9100000,12.7950000,12.8850000,10204876000
CNYRUB_TOM,D,23/08/23,00:00:00,12.8950000,12.9950000,12.8610000,12.8990000,10957441000
CNYRUB_TOM,D,24/08/23,00:00:00,12.9750000,13.0050000,12.9120000,12.9720000,9835433000
CNYRUB_TOM,D,25/08/23,00:00:00,12.9740000,13.1030000,12.9250000,13.0490000,9583101000
CNYRUB_TOM,D,28/08/23,00:00:00,13.0800000,13.1370000,13.0000000,13.0580000,11039493000
CNYRUB_TOM,D,29/08/23,00:00:00,13.0600000,13.1810000,13.0580000,13.0940000,10865699000
CNYRUB_TOM,D,30/08/23,00:00:00,13.1270000,13.1700000,13.1020000,13.1700000,6720773000
CNYRUB_TOM,D,31/08/23,00:00:00,13.1790000,13.2200000,13.1310000,13.1700000,7942159000
CNYRUB_TOM,D,01/09/23,00:00:00,13.1800000,13.3050000,13.1800000,13.2640000,8454768000
CNYRUB_TOM,D,04/09/23,00:00:00,13.2820000,13.3240000,13.2570000,13.3000000,6745318000
CNYRUB_TOM,D,05/09/23,00:00:00,13.3100000,13.3790000,13.3060000,13.3790000,9085976000
CNYRUB_TOM,D,06/09/23,00:00:00,13.3800000,13.4500000,13.3130000,13.4010000,9851337000
CNYRUB_TOM,D,07/09/23,00:00:00,13.4430000,13.4430000,13.2310000,13.4170000,9948013000
CNYRUB_TOM,D,08/09/23,00:00:00,13.4150000,13.4150000,13.2530000,13.2670000,8294540000
CNYRUB_TOM,D,11/09/23,00:00:00,13.2570000,13.3050000,13.0110000,13.0190000,10270587000
CNYRUB_TOM,D,12/09/23,00:00:00,13.0190000,13.0390000,12.6520000,12.9880000,11579576000
CNYRUB_TOM,D,13/09/23,00:00:00,12.9910000,13.2930000,12.9440000,13.2350000,11184410000
CNYRUB_TOM,D,14/09/23,00:00:00,13.2310000,13.3660000,13.1210000,13.3500000,13849308000
CNYRUB_TOM,D,15/09/23,00:00:00,13.3290000,13.3740000,13.1850000,13.2510000,10853220000
CNYRUB_TOM,D,18/09/23,00:00:00,13.2400000,13.3200000,13.1720000,13.2050000,11786130000
CNYRUB_TOM,D,19/09/23,00:00:00,13.2050000,13.2900000,13.1130000,13.2610000,10914390000
CNYRUB_TOM,D,20/09/23,00:00:00,13.2670000,13.2760000,13.1610000,13.1610000,12310865000
CNYRUB_TOM,D,21/09/23,00:00:00,13.1510000,13.1990000,12.9920000,13.1080000,13354688000
CNYRUB_TOM,D,22/09/23,00:00:00,13.1080000,13.1640000,13.1060000,13.1590000,12680017000
CNYRUB_TOM,D,25/09/23,00:00:00,13.1650000,13.1900000,13.1070000,13.1440000,11423538000
CNYRUB_TOM,D,26/09/23,00:00:00,13.1440000,13.1710000,13.1230000,13.1490000,10845905000
CNYRUB_TOM,D,27/09/23,00:00:00,13.1500000,13.2130000,13.1500000,13.2130000,7337069000
CNYRUB_TOM,D,28/09/23,00:00:00,13.2200000,13.3270000,13.2140000,13.3080000,7734936000
CNYRUB_TOM,D,29/09/23,00:00:00,13.3080000,13.4980000,13.2920000,13.4930000,7090764000
